,open,high,low,close,volume,quote_volume,trades,taker_buy_base,funding_rate,mark_close,index_close,open_interest,long_short_ratio,ret,funding_apr
2023-01-01 00:00:00+00:00,2200.211738591555,2201.1978700960613,2198.359815744357,2200.211738591555,5618.678511609801,12362282.41661601,4689.903240771461,2371.5872765335603,3.876674217325353e-05,2199.9963509692693,2200.4916431346014,797989.1643276904,1.057257772422849,0.0,0.04244958267971262
2023-01-01 01:00:00+00:00,2200.211738591555,2203.8925212399718,2199.4233195847464,2203.0418849243338,5125.282845545927,11291212.78082185,3296.979101175599,3132.5016977003716,4.960473933327865e-05,2202.9511568382936,2203.0517718994306,795470.5663767341,1.0604212544311502,0.001286306350947175,0.05431718956994012
2023-01-01 02:00:00+00:00,2203.0418849243338,2203.9953701142863,2200.6093488069155,2200.8273272536276,7420.084544919214,16330324.836990504,3098.7138487379975,4643.68693604277,1.114627747994516e-05,2200.4167825882973,2200.9795846675643,794812.2643733433,0.9266473617531283,-0.0010052272205356427,0.012205173840539952
2023-01-01 03:00:00+00:00,2200.8273272536276,2201.13504175068,2191.592694827072,2193.188160625973,7769.241585730364,17039408.662866794,4235.92432069293,3575.0109207254304,8.145896163489243e-05,2192.8228268795956,2193.4202906314454,797214.2059184094,0.8401305262498218,-0.003471043154115727,0.08919756299020722
2023-01-01 04:00:00+00:00,2193.188160625973,2193.3220265751247,2189.099979467922,2189.39973745011,8641.535501223407,18919775.557544332,3426.8116123229634,5291.751618985492,4.051974694148185e-05,2189.3667923269254,2189.5739173644815,797596.1094749313,0.908655435518954,-0.0017273589397737155,0.044369122900922625
2023-01-01 05:00:00+00:00,2189.39973745011,2191.0505298431235,2180.0773348329444,2180.915239803002,8301.219778979237,18104256.724929925,3633.2016455181974,3855.2344509198792,-3.066910694139299e-05,2180.953112657577,2180.809064658186,800515.3084913868,1.0740951008515598,-0.003875262019072734,-0.03358267210082533
2023-01-01 06:00:00+00:00,2180.915239803002,2182.8706176945607,2178.7436240785305,2181.639082542462,7021.137069775467,15317587.03530982,1461.9260817289673,3400.846750022261,-1.6538188799532262e-05,2181.424409820285,2181.6068700606106,800252.263183789,0.914817480628622,0.00033189861130300535,-0.018109316735487827
2023-01-01 07:00:00+00:00,2181.639082542462,2195.0075976578996,2180.417832562999,2193.5337828232405,7490.164094087905,16429927.979271453,3338.719491984421,3894.4692696897514,7.027355302473112e-05,2193.6977335930123,2193.5565556943307,799632.1324620725,0.963237988179996,0.005452185183131508,0.07694954056208057
2023-01-01 08:00:00+00:00,2193.5337828232405,2195.293732742672,2188.273113356093,2189.4154190368604,2414.141827708628,5285559.341327098,2297.297656771901,1005.2253279133301,5.319157282280299e-05,2189.3433474072094,2189.242740947926,796847.6576926953,1.0176315247453742,-0.0018775018732920534,0.05824477224096928
2023-01-01 09:00:00+00:00,2189.4154190368604,2189.9192170170336,2182.1111145956966,2184.181456399306,7293.27879168797,15929844.2931552,1117.4684986947918,3137.822621624199,-6.495306195033005e-05,2183.8473051113624,2184.26433097368,795695.2085999709,1.097949438538871,-0.0023905753983667344,-0.07112360283561141
2023-01-01 10:00:00+00:00,2184.181456399306,2189.172190299316,2183.5610613036397,2188.660540715778,3290.120344892243,7200956.573071838,1359.4022817471923,1414.7364209335726,9.738561519312045e-05,2188.673912556631,2188.8398337736435,798565.5760743015,0.9985474249662182,0.0020506924016541195,0.10663724863646688
2023-01-01 11:00:00+00:00,2188.660540715778,2192.5940079489374,2186.4731256860964,2191.9848364397453,3320.5217679703564,7278533.364459116,2815.1566370631103,1421.253629809519,5.9901351554694374e-05,2192.603769744875,2191.900514306711,799220.6766193046,0.9919690138628974,0.0015188722335535143,0.06559197995239034
2023-01-01 12:00:00+00:00,2191.9848364397453,2193.775824164305,2189.985790527521,2193.1092834447395,2081.1858508487553,4564268.010070244,1902.5199337055974,1050.2834310287858,9.716714938482492e-05,2192.887255407405,2193.455365601902,800686.9188237839,0.9560920469933307,0.0005129811969049047,0.10639802857638328
2023-01-01 13:00:00+00:00,2193.1092834447395,2194.777561758505,2184.351911181898,2185.1470949703726,4572.181236594444,9990888.546822395,4014.356057495135,1738.1172078485847,1.08149559462458e-05,2185.5293230028865,2185.096273002964,802097.1144880891,1.1304522230778677,-0.003630547977919618,0.01184237676113915
2023-01-01 14:00:00+00:00,2185.1470949703726,2185.9647367765474,2184.375924878001,2185.090973643186,1178.8991246372607,2576001.8360807314,1314.0736284983302,688.6112678402307,1.5214688933383707e-05,2185.5425584931713,2185.055495111921,802078.0236081507,1.085276029661745,-2.5683088939798537e-05,0.016660084382055157
2023-01-01 15:00:00+00:00,2185.090973643186,2192.0759539111505,2184.81442117459,2191.367728266901,6912.815820023031,15148521.499451363,858.0394737328604,2781.989874812428,-2.6322854237565948e-05,2191.8601817145613,2191.325955741165,801668.4116350235,0.9923901276268423,0.002872536978746343,-0.028823525390134712
2023-01-01 16:00:00+00:00,2191.367728266901,2192.7620989927264,2177.7892809062546,2179.7851796584423,7732.924063101473,16856113.268172733,4987.314523498569,3736.4724872766124,0.00015684647850659438,2179.516206805318,2179.6616684869828,801906.7787813874,0.8882736730157152,-0.005285533988227065,0.17174689396472087
2023-01-01 17:00:00+00:00,2179.7851796584423,2180.1918632722904,2175.589909261246,2175.994230582563,7979.945925255726,17364316.29371729,2114.482343123277,4329.493509410761,2.1227288729642563e-05,2176.6520468896324,2176.0669711381033,803249.3829625209,0.9367768389075888,-0.0017391388432475008,0.023243881158958608
2023-01-01 18:00:00+00:00,2175.994230582563,2176.2258002151684,2159.625361950883,2159.6447526654265,2159.757894465871,4664309.803810948,2941.117316261367,845.3446107274888,0.00010937665960409728,2159.6824436899815,2159.648212568462,804165.1153895367,1.0463585311323573,-0.00751356675829018,0.11976744226648654
2023-01-01 19:00:00+00:00,2159.6447526654265,2161.1503128051977,2146.7896973212823,2148.7022068443575,6769.779586881686,14546240.338182561,1682.1979223236985,3200.4647179634453,-2.3646225693639775e-06,2148.6204093267697,2148.987790314346,805149.0598130706,0.9422817863183645,-0.005066826758226672,-0.002589261713453555
2023-01-01 20:00:00+00:00,2148.7022068443575,2150.327582598586,2131.793253906231,2133.069074795895,8544.639132482582,18226305.48878942,1676.9547907622923,4434.228099004947,3.819205961665504e-05,2132.995372593805,2133.172709518262,805457.3481639108,1.0713818362264447,-0.007275615950253833,0.041820305280237266
2023-01-01 21:00:00+00:00,2133.069074795895,2133.701240965284,2129.826130313073,2131.2580131388268,1323.7267581770834,2821203.260571191,2489.674610408437,681.8417832972024,-5.3567624328504e-05,2131.4503294028937,2131.3496895415065,803917.4803265294,1.0289166827620648,-0.0008490403233855082,-0.05865654863971188
2023-01-01 22:00:00+00:00,2131.2580131388268,2132.6135809936786,2119.0928926503384,2120.6476266946106,2740.3185330619262,5811249.993525031,4117.1560975012335,1692.8515120212292,1.0856642561661549e-05,2120.6638902167256,2120.6100423980115,803394.2894849527,1.0234121113717802,-0.004978461724861605,0.011888023605019397
2023-01-01 23:00:00+00:00,2120.6476266946106,2123.214667022837,2120.557156463327,2123.1423176195053,3409.9822384147546,7239877.592709251,963.8100840612607,1996.5535497883372,7.918774542000139e-05,2123.0859810952056,2122.9021082336567,801511.3833325681,1.0522755820956984,0.0011763816362000412,0.08671058123490152
2023-01-02 00:00:00+00:00,2123.1423176195053,2125.5264747263827,2122.9472963858893,2124.667431356466,5157.861205737799,10958739.719288092,4316.676468670022,1992.3419814438296,-3.2587190778724834e-05,2125.07651129121,2124.6522181599744,803520.6990636917,1.039887027823032,0.000718328547410163,-0.03568297390270369
2023-01-02 01:00:00+00:00,2124.667431356466,2125.8954006667054,2122.2115104467725,2123.2728005519693,2549.4866718463104,5413255.705701035,4959.1230281834,1529.608044179876,8.36113772467306e-05,2123.0426072038476,2123.1283684118334,799316.6112285487,0.9315857967962164,-0.0006563995776064369,0.09155445808517
2023-01-02 02:00:00+00:00,2123.2728005519693,2123.8108772176383,2101.9859838602283,2102.0916369857596,5849.847038870532,12296914.538055655,3148.481316013025,3012.308949002317,4.686189079242313e-05,2101.762719366312,2102.251705927616,798880.8833977467,0.9739335975905691,-0.009975714642368794,0.05131377041770333
2023-01-02 03:00:00+00:00,2102.0916369857596,2102.8236166189286,2096.696138812484,2097.7540814997024,4095.565685734433,8591489.633299533,2312.0473580478333,2266.6867233765993,-2.219754624921279e-05,2098.003642418575,2097.7489725644305,803655.3064682231,1.18718528691629,-0.002063447382473327,-0.024306313142888007
2023-01-02 04:00:00+00:00,2097.7540814997024,2099.0327665850627,2095.9941861203793,2097.5386849902206,6895.994142792499,14464614.48597324,1782.530350115871,2744.556576405513,4.9201364287163266e-06,2097.760058398952,2097.818201796105,802972.2373677477,0.9033714742576582,-0.00010267958069121175,0.005387549389444378
2023-01-02 05:00:00+00:00,2097.5386849902206,2099.9189283119017,2096.159743868906,2098.680920960508,5781.921000683397,12134407.290635135,1568.3942199021212,2842.3589833124947,7.046716164729334e-06,2099.0253074277766,2098.804375498139,800702.6681241355,0.9620364032346468,0.0005445601449265425,0.007716154200378621
2023-01-02 06:00:00+00:00,2098.680920960508,2099.0045181194173,2084.7411703946427,2086.027514368405,7176.681573902271,14970755.225020885,2158.0100542668106,4018.760415169892,2.7524033102874892e-05,2085.6920186384623,2086.1669504478227,800666.7583047126,1.0852558313866414,-0.006029218861108299,0.030138816247648005
2023-01-02 07:00:00+00:00,2086.027514368405,2087.501463624198,2082.134965802608,2082.2315932486918,3217.06944452029,6698683.635055167,4376.960129313308,1895.612508059155,3.192801702845383e-06,2082.569349367804,2082.270015776661,803245.5110330037,0.9872591573957528,-0.0018196889032224828,0.0034961178646156946
2023-01-02 08:00:00+00:00,2082.2315932486918,2082.398232735099,2073.780851496481,2074.271738029357,7363.619481903963,15274147.780915767,813.6737987631951,4357.373372954747,-1.1364395040226827e-05,2074.4217145110138,2074.3063654794196,802924.6101974848,0.9350302353241335,-0.0038227521113133323,-0.012444012569048373
2023-01-02 09:00:00+00:00,2074.271738029357,2076.2832105145967,2065.894381521331,2067.7501763326845,7611.728012622106,15739151.940295793,4101.110121853911,3159.9282988121217,1.4770614874259131e-05,2068.29686118283,2067.8582407395916,804151.3077988812,0.8941460972270859,-0.00314402475678921,0.01617382328731375
2023-01-02 10:00:00+00:00,2067.7501763326845,2077.1339530794926,2067.4953871196117,2076.7137052275366,7497.707617581325,15570592.167220041,3603.211574851325,4497.257900821922,-2.134448693045245e-05,2076.3248548136266,2076.8669947457342,804351.2137767744,1.0428822339330661,0.004334918694457457,-0.02337221318884543
2023-01-02 11:00:00+00:00,2076.7137052275366,2077.2402521303525,2069.0914089297585,2070.1952861363593,1616.0507125521603,3345540.567282787,879.8673588867575,841.1999215877067,-3.4476328632153845e-05,2070.263056157472,2070.077604599762,803605.4676529726,1.0815913973107492,-0.003138814500414311,-0.03775157985220846
2023-01-02 12:00:00+00:00,2070.1952861363593,2070.6099473831423,2070.0114339756396,2070.115039945499,9515.353013266178,19697875.38315304,1092.1009014211336,5239.2137334746185,2.759117587463207e-05,2070.0288504720506,2070.1965661562167,809906.043376115,1.1119914851813817,-3.8762618868704024e-05,0.030212337582722116
2023-01-02 13:00:00+00:00,2070.115039945499,2079.687211863202,2068.170782494757,2077.6272466099017,6191.774655536627,12864199.729211533,3887.2613038529184,3748.907134563268,7.414371127772842e-05,2077.1318054605704,2078.0628979883622,810048.3446513923,1.004303080813063,0.0036288836704458927,0.08118736384911261
2023-01-02 14:00:00+00:00,2077.6272466099017,2078.2226840254007,2072.611322236163,2072.9669676171907,3450.8716950510866,7153543.033326046,3627.3182914458207,1627.570523480629,-4.646858525586825e-05,2072.7446767547926,2072.9520936601443,808974.029172811,1.0835990259097787,-0.0022430775300599226,-0.05088310085517573
2023-01-02 15:00:00+00:00,2072.9669676171907,2074.22171850796,2071.3804021485435,2072.230061862202,4907.228782607781,10168907.003755301,2116.669245265602,3071.3915842857446,3.0175407573198022e-05,2072.5803922945356,2072.187698282368,807994.0625132619,0.9173647173393578,-0.00035548359742343383,0.03304207129265183
2023-01-02 16:00:00+00:00,2072.230061862202,2075.388851486463,2071.0970055442117,2073.3349350903077,5658.413981534597,11731787.385119123,4417.418294652479,3476.3966144762708,-2.497809740064782e-06,2073.1890882068137,2073.220077321954,808755.2115101379,1.0134417095842216,0.0005331807739110683,-0.0027351016653709365
2023-01-02 17:00:00+00:00,2073.3349350903077,2076.02373598852,2071.844929412605,2074.05324466962,5659.927016927299,11738989.994051307,1682.6597415490062,3352.5076747571115,-1.8857271856734487e-05,2073.828438802308,2073.8128927232347,809573.6463113123,0.9458090413739276,0.0003464512979332035,-0.020648712683124265
2023-01-02 18:00:00+00:00,2074.05324466962,2074.1410804699867,2062.144355823043,2064.079331878109,3231.6262424844626,6670332.935467093,2593.0171141607893,1499.4178421562276,7.267188263573095e-05,2064.3481556275465,2064.275648350286,811117.6695374759,1.01390710676825,-0.004808899104757569,0.0795757114861254
2023-01-02 19:00:00+00:00,2064.079331878109,2065.972661321127,2062.559419661746,2064.896470177097,3384.678599593775,6989010.892985146,1283.0182968131865,1720.9805209648339,4.09151554546669e-06,2065.2027593700313,2064.9065411592615,811399.9576035117,1.0600570944095744,0.0003958851224215021,0.004480209522286026
2023-01-02 20:00:00+00:00,2064.896470177097,2077.556857874595,2064.1791904540846,2076.308363945797,4272.29136783839,8870594.300256278,3511.916467730401,1717.1860922534352,0.00010491508415324398,2076.6156941120335,2076.358133489259,808536.7212636054,1.0855780936024289,0.005526617887879448,0.11488201714780216
2023-01-02 21:00:00+00:00,2076.308363945797,2077.7667526869113,2063.493108925451,2063.648583406254,8028.323381861071,16567638.174104907,1165.498693814167,4638.863510831341,-8.991968207319668e-06,2063.404135964148,2063.9531505764676,809600.5651795331,0.9208075027384885,-0.006097254511600703,-0.009846205187015037
2023-01-02 22:00:00+00:00,2063.648583406254,2071.6265449110365,2062.188747859919,2070.930899931058,4936.996450241016,10224178.501654064,1553.8242767624197,3047.5111640295872,4.932509968129162e-05,2070.9128801132233,2071.3466085341115,808982.6385016756,1.1013989759269978,0.003528854952999483,0.05401098415101433
2023-01-02 23:00:00+00:00,2070.930899931058,2072.7881840910313,2068.9168982601545,2072.1087218000257,1347.6817890012317,2792543.189200514,4018.671157713027,536.718753457484,1.8635849672139844e-05,2072.429067468927,2071.961428700114,808410.4381743419,0.9620491013353336,0.0005687403036995775,0.02040625539099313
2023-01-03 00:00:00+00:00,2072.1087218000257,2072.117598746133,2066.9459980308666,2066.981169879625,5069.888697629875,10479364.471386489,2901.0025698571185,2907.196631031538,-7.70109045631816e-06,2066.7777683509557,2067.155550086398,805444.6172780645,0.9179413769814139,-0.002474557375515607,-0.008432694049668385
2023-01-03 01:00:00+00:00,2066.981169879625,2083.7826516556192,2065.3799217377946,2083.7092286160887,2812.2634202414392,5859939.242056533,3579.844015336922,1569.9493332454617,5.9383752128887644e-05,2083.4750203746466,2083.8132216153726,804297.567796572,0.9863516621840498,0.00809299038628275,0.06502520858113198
2023-01-03 02:00:00+00:00,2083.7092286160887,2091.4025906373254,2083.34220009694,2090.2528320830206,1111.7115909384563,2323758.301418629,3882.603379982687,401.2794288834829,2.2250871346259637e-05,2090.512514218346,2090.319652008883,802843.8913679806,0.8829957816797782,0.0031403630492523593,0.024364704124154306
2023-01-03 03:00:00+00:00,2090.2528320830206,2090.411455311372,2079.4595594789794,2080.4164546561724,9793.27032640386,20374080.731946614,3347.513765488301,6121.5576817040455,6.016052903568234e-05,2080.904005045854,2080.496339107453,802770.9636818735,1.0003662557379125,-0.004705831407507688,0.06587577929407216
2023-01-03 04:00:00+00:00,2080.4164546561724,2081.647955452982,2079.329152717394,2081.226546180361,3643.4843113238726,7582916.269318914,1630.5914092495957,1798.9502434112194,2.7635424639150197e-05,2080.866886899338,2081.222960168695,799864.1255895164,1.0231763311427517,0.00038938911599895043,0.030260789979869467
2023-01-03 05:00:00+00:00,2081.226546180361,2086.912776916986,2079.9477859998356,2086.2174992133705,5837.468688759212,12178229.329599595,3733.6781108632035,2514.5115929718304,-2.429081276507192e-05,2085.4046353108756,2086.483080231524,799965.438174751,0.983970393305618,0.002398082535594037,-0.02659843997775375
2023-01-03 06:00:00+00:00,2086.2174992133705,2086.364517586037,2082.769640377543,2084.8326590656357,4223.797917603948,8805911.843914134,1286.9390001620714,1516.5798362285454,2.4896537840554652e-05,2084.379109001352,2084.935507759798,800214.1101563163,1.0428931752448822,-0.0006638043004897343,0.027261708935407348
2023-01-03 07:00:00+00:00,2084.8326590656357,2090.7825884803788,2083.3995406983317,2090.718069255302,1480.6605819527135,3095643.833122609,1933.2117135338422,865.5250645203541,3.259775847580703e-05,2090.400556361064,2090.776112569878,797974.5744529103,0.974825515572208,0.0028229652696940555,0.035694545531008696
2023-01-03 08:00:00+00:00,2090.718069255302,2092.6559985876524,2089.532498448178,2090.3527265596927,9107.955548207488,19038839.713580005,2682.175729903416,4110.764830297724,7.792314769405986e-05,2090.3095576303867,2090.561665543377,796725.261720314,1.000324082285285,-0.00017474507968429087,0.08532584672499553
2023-01-03 09:00:00+00:00,2090.3527265596927,2097.035008097064,2088.858080895135,2096.122757384394,9420.916792787675,19747398.08478704,1280.652272708961,4748.595985931493,-1.5313450366758925e-05,2096.3163917152447,2096.2735237858487,795010.1545932315,0.8847468665397584,0.002760314444250511,-0.016768228151601023
2023-01-03 10:00:00+00:00,2096.122757384394,2108.8074372555016,2095.1444313112534,2108.3754638857563,2677.8944518027843,5646006.957056789,1245.1607310495906,1093.710380287212,2.803350733663473e-05,2108.329131959443,2108.453523242037,796825.3835780271,1.0034137733906636,0.005845414567537954,0.03069669053361503
2023-01-03 11:00:00+00:00,2108.3754638857563,2109.8691462810666,2102.0010731888183,2102.8698107426444,4761.97261092646,10013808.443100581,3539.5340182287623,2533.8427233893517,-5.609393651150195e-05,2102.648902318765,2102.9252516570564,791768.8557803468,0.9319170874298185,-0.0026113248031092162,-0.061422860480094627
2023-01-03 12:00:00+00:00,2102.8698107426444,2104.7904301286294,2102.1008896323615,2104.7705498524733,4362.766722735533,9182622.913890142,3916.221464169257,2046.88187338767,6.257465301716579e-05,2104.8189710522215,2105.066641208604,791082.2060352918,0.9640177117773693,0.0009038786424717671,0.06851924505379654
2023-01-03 13:00:00+00:00,2104.7705498524733,2105.286254939524,2100.0254649046065,2101.062141770558,2504.9529316817657,5263061.771673729,2356.901570986057,1482.8823288222113,-2.4074148732032292e-05,2100.758998921678,2101.1482521357593,787761.1525308078,0.9925056750778433,-0.0017619061052405183,-0.026361192861575358
2023-01-03 14:00:00+00:00,2101.062141770558,2104.343421608649,2100.47136058145,2102.323614954404,6954.94571405823,14621546.615390537,2437.388559837115,3824.5196508564386,-6.0317976054180275e-05,2102.308818693027,2102.3089788746915,786897.8093347586,1.0152782106041915,0.0006003978458166692,-0.0660481837793274
2023-01-03 15:00:00+00:00,2102.323614954404,2104.210850203857,2092.0255368656567,2092.5321396128247,8037.9645503714855,16819699.15872088,1671.9242045253854,4553.657215450672,2.7039158286263142e-05,2092.330764218871,2092.3891194683456,788591.2910075658,0.8682667496649746,-0.004657453910487441,0.029607878323458143
2023-01-03 16:00:00+00:00,2092.5321396128247,2093.8628336376887,2087.564429870328,2087.8744096015166,7837.282158362342,16363260.859271275,2990.836774501638,3333.5521112372608,8.528424793314232e-05,2088.71384259387,2087.8174183129136,787330.0684487683,0.8749259033684634,-0.0022258821850974497,0.09338625148679085
2023-01-03 17:00:00+00:00,2087.8744096015166,2088.0690052827617,2085.50805652139,2086.426552860039,7077.267602161924,14766199.046846736,3237.547705988691,2612.612185322982,-4.6222347410593775e-05,2086.6821777540144,2086.251810324688,787606.845666416,0.9758419958201444,-0.0006934596903047652,-0.05061347041460018
2023-01-03 18:00:00+00:00,2086.426552860039,2094.783949300166,2085.814684671104,2094.11791332775,1157.4136819897421,2423760.724585347,4721.147353170946,710.6378761578128,-2.440177926942136e-05,2093.8556205280097,2094.1364182618777,785917.2960459158,1.037950875089284,0.003686379689315178,-0.02671994830001639
2023-01-03 19:00:00+00:00,2094.11791332775,2103.9608440052734,2092.3652590994325,2103.90207665499,3066.3767182962843,6451356.345430066,970.4362006246024,1933.948665321602,-7.163744552664064e-06,2103.5874588619754,2103.9458103500215,789796.2612604059,1.028819313406101,0.0046722122307296665,-0.00784430028516715
2023-01-03 20:00:00+00:00,2103.90207665499,2104.363233064509,2091.1813172545817,2092.9559223464676,5631.4101935371045,11786293.31572575,4616.644970927903,3058.1409968120342,-2.6474832317100167e-05,2092.818359193542,2092.6130268071765,791622.6539185774,1.071422434818618,-0.005202786969023765,-0.028989941387224685
2023-01-03 21:00:00+00:00,2092.9559223464676,2093.0091548460505,2085.7769573214036,2086.4944540894626,7325.565353131203,15284751.48237817,4960.720216642794,4589.672693908929,4.897139441672924e-05,2085.9796506674434,2086.4979788162327,793877.0366915475,1.104086117185409,-0.0030872452630349434,0.05362367688631852
2023-01-03 22:00:00+00:00,2086.4944540894626,2092.3479881619082,2085.202617563189,2092.0840431423157,4477.812642861568,9367960.378311608,2254.392855942999,2516.030746457386,-1.036837225222429e-05,2091.8548047713775,2092.193151097172,791220.673820866,1.0397146662275758,0.0026789378912068784,-0.011353367616185597
2023-01-03 23:00:00+00:00,2092.0840431423157,2093.408781179784,2073.7290659638998,2075.601862494949,5043.401287003124,10468093.104613105,3848.3933789294006,2681.811562551768,-6.075736823010108e-06,2075.3720226580745,2075.6299724172673,789018.5160793483,0.9984110184072595,-0.007878354935784815,-0.006652931821196068
2023-01-04 00:00:00+00:00,2075.601862494949,2075.810341849565,2071.2018261243607,2071.945990239069,8566.472287529195,17749267.90664022,4264.347519083436,4075.2005468959374,5.916526993411556e-05,2072.220707182213,2071.788199503495,791178.0311745285,0.9174833758553729,-0.0017613552588959802,0.06478597057785654
2023-01-04 01:00:00+00:00,2071.945990239069,2072.2687229192925,2070.1799172983797,2071.3289160287836,1211.9227823593615,2510290.7030950035,3534.7314281904023,553.4648211582306,-7.775731548434212e-06,2071.196371593208,2071.5395992293493,790789.2948129387,0.9243145776338018,-0.0002978235017671027,-0.008514426045535461
2023-01-04 02:00:00+00:00,2071.3289160287836,2083.812429960255,2070.4101602357186,2081.93284436821,3417.30039613607,7114589.933788179,2013.3992845861355,1698.0575080054477,5.1639004889036114e-05,2081.6859648842155,2081.81729917664,790273.4507104153,0.9626263622740109,0.005119384110060521,0.056544710353494544
2023-01-04 03:00:00+00:00,2081.93284436821,2088.564524803796,2080.579035832619,2087.8641457161125,3609.4164246225696,7535971.139928306,3416.207741809317,1504.1572488870024,-1.856925859410216e-05,2087.4443391317404,2087.659410050316,790941.0173350207,1.0213989285311513,0.0028489398031963376,-0.020333338160541864
2023-01-04 04:00:00+00:00,2087.8641457161125,2088.559398055472,2083.320678146157,2085.3221095685194,9935.043594479503,20717766.0670952,4483.016918232853,4751.965515743105,-3.060692571076447e-05,2084.954059011283,2085.142242456819,788430.6632991238,1.0176588426552373,-0.0012175294799754433,-0.03351458365328709
2023-01-04 05:00:00+00:00,2085.3221095685194,2085.5025722394953,2082.1494768443526,2082.43815209974,3047.8249896063307,6346907.039279216,1249.5994288467873,1530.8995008429397,-6.177246445954613e-05,2082.4174247442193,2082.436154856342,789976.3970116808,1.00033950047505,-0.0013829793754865927,-0.06764084858320302
2023-01-04 06:00:00+00:00,2082.43815209974,2084.095628185063,2078.5357364007964,2080.5442633098583,1424.0184653683252,2962733.448969377,2815.8878083344225,511.7405133622726,0.00012306013934558645,2080.4771254666466,2080.708274259694,790013.0449370455,0.9877821873636318,-0.0009094574011583312,0.13475085258341718
2023-01-04 07:00:00+00:00,2080.5442633098583,2094.8292859125563,2079.1591752623794,2093.4133487685813,4748.177857231928,9939898.908656716,895.1107061785289,2222.524316046832,1.3987048393450166e-05,2093.769517393319,2093.608953563419,790971.5252281595,1.0504397003443253,0.006185441802737834,0.015315817990827934
2023-01-04 08:00:00+00:00,2093.4133487685813,2094.5587238764047,2088.3570099547824,2090.020395556287,6845.759774634002,14307777.552063875,4348.8327674232205,2980.2110610535456,4.2196668397421456e-05,2089.8231611851375,2090.055853164196,789630.297192393,1.0166665944885667,-0.00162077556937823,0.046205351895176494
2023-01-04 09:00:00+00:00,2090.020395556287,2091.3118459985017,2086.346545856389,2087.6724721771525,2380.7561715912957,4970239.122397013,4069.658320181963,1286.2010440555985,2.8447524550960042e-05,2088.0041566588484,2087.473491401576,790656.7569161515,1.023827744148648,-0.0011233973525457408,0.03115003938330125
2023-01-04 10:00:00+00:00,2087.6724721771525,2091.017365859936,2085.855535342825,2090.807489156491,8557.253376082303,17891569.445322547,993.3417227539442,5079.020136546926,3.799808785036314e-05,2090.888129399367,2090.6979837907716,789246.9936572534,1.024674969525149,0.0015016804700545006,0.04160790619614764
2023-01-04 11:00:00+00:00,2090.807489156491,2091.3517390304924,2089.3065643008686,2089.9883994754796,2768.1066882736163,5785310.867002346,3932.4074608994247,1479.0890766110374,3.248432396871863e-05,2089.986946195603,2089.8386272526345,791155.7548510625,0.9562965634984828,-0.0003917575794326611,0.0355703347457469
2023-01-04 12:00:00+00:00,2089.9883994754796,2091.208203473091,2087.0512002595265,2088.5299790045888,7338.513408785058,15326705.255574752,3704.539615542546,4030.192011976564,0.00012541085196013493,2087.9008184559634,2088.50048375284,793415.0472252714,0.9175329983267062,-0.0006978127109493748,0.13732488289634776
2023-01-04 13:00:00+00:00,2088.5299790045888,2090.518743954951,2078.8644615814087,2079.4136618276243,2456.2720598929873,5107605.678506958,1330.2553265791173,1312.0682098747322,-2.1946329547857362e-05,2079.0112771354607,2079.118822038325,795238.8184618009,1.0392902234459453,-0.004364944371691215,-0.024031230854903815
2023-01-04 14:00:00+00:00,2079.4136618276243,2081.206963217305,2078.355953023403,2079.507731026484,8935.526488653852,18581496.41394762,3005.7073440873137,3814.3311145966795,-4.787310530490886e-05,2079.73900208204,2079.5264881993394,796271.7457935608,1.033338189527379,4.5238328759023005e-05,-0.05242105030887519
2023-01-04 15:00:00+00:00,2079.507731026484,2080.8401264426875,2074.593138482351,2076.007918078259,2811.8839804470435,5837493.408125475,3695.3111748060787,1301.589649013585,-2.059798342421774e-05,2076.4432008436,2076.115296581644,797539.3783027637,0.9823979151254986,-0.001683000690984482,-0.022554791849518425
2023-01-04 16:00:00+00:00,2076.007918078259,2086.9632636821593,2075.5903824555717,2085.8810698299144,7582.229986555316,15815629.996052459,2209.039003619297,4574.05447629488,-3.673545048792731e-05,2085.9456639781047,2085.856428618034,792127.5235125907,0.9667407253721242,0.004755835305674028,-0.0402253182842804
2023-01-04 17:00:00+00:00,2085.8810698299144,2091.5522702903363,2085.7534985617704,2091.5206210306483,8548.246326300445,17878833.465106864,2916.372855199641,5417.9401507946895,6.734810262409712e-05,2091.7598472711265,2091.5978220060465,793797.2919241228,1.1822739240220133,0.002703678211717797,0.07374617237338635
2023-01-04 18:00:00+00:00,2091.5206210306483,2093.383572471707,2089.855364421119,2091.5096400221514,3294.517726619363,6890515.584448261,4898.915464551141,1332.172709119555,7.101891047688784e-05,2091.38172680361,2091.352785639065,793249.2122032545,0.9392632764920621,-5.250251126631689e-06,0.07776570697219219
2023-01-04 19:00:00+00:00,2091.5096400221514,2097.432559464835,2089.8177210513827,2097.2923468822146,1835.4344966142025,3849442.722952577,3469.863753209465,648.2254555357443,-1.8065777257516325e-05,2097.1755221634953,2097.0484469816747,793439.1021894861,0.9825964719588305,0.0027648482939823804,-0.019782026096980376
2023-01-04 20:00:00+00:00,2097.2923468822146,2097.56306758239,2093.2383338361283,2094.63265719089,6275.271341681009,13144388.285019133,2908.3719418879414,4006.3729620068148,-3.952178882314959e-05,2094.4243577165553,2094.5260795531476,792871.6899048476,1.021240750248193,-0.0012681540059393814,-0.043276358761348804
2023-01-04 21:00:00+00:00,2094.63265719089,2105.0971936557066,2093.95937603115,2103.6392207639246,5491.189203867662,11551480.977891445,1077.189254322195,3337.998292269015,1.2260167342945261e-05,2103.946782948004,2103.8341117720474,790089.4158776449,0.9076615538917135,0.004299829634621277,0.01342488324052506
2023-01-04 22:00:00+00:00,2103.6392207639246,2105.4944760794474,2102.2546622153686,2103.785899024356,5313.876958018246,11179259.413429225,1308.9200444528585,2828.460702414577,9.955619389381968e-05,2103.8940748700966,2103.9594032365662,789012.1491436564,1.0093788773338477,6.972595822674066e-05,0.10901403231373255
2023-01-04 23:00:00+00:00,2103.785899024356,2110.5460185560473,2103.6094326540506,2108.887271872334,8032.009612593798,16938602.839555297,4373.234256317329,4779.650502901018,-0.0001109784708899158,2108.813196368701,2108.81034610258,790329.2187873007,1.1438199296686267,0.0024248536176347812,-0.12152142562445781
2023-01-05 00:00:00+00:00,2108.887271872334,2109.8413411633774,2096.8003995898835,2098.1904709796195,5167.986825914509,10843420.712282032,3918.9140558627614,2730.133766872282,5.633133845079374e-05,2098.08711686626,2098.392673944038,793163.957970599,1.0747094558762826,-0.005072248780380595,0.06168281560361914
2023-01-05 01:00:00+00:00,2098.1904709796195,2101.6637354821037,2096.9814966723507,2101.291689647888,5473.282650491135,11500963.348570988,4307.398352883391,3401.3369045985473,-2.3787761372429267e-05,2101.4670967324882,2101.2372098297105,791918.1134515887,1.0505760268495952,0.0014780443964270695,-0.026047598702810048
2023-01-05 02:00:00+00:00,2101.291689647888,2101.3658699022135,2086.005664451784,2087.293951303324,5385.378294215406,11240867.538996028,3227.959296012442,2278.0347180445506,8.201835732706372e-05,2087.3951168715466,2087.546542406717,790110.1704821816,1.0473942343156308,-0.006661492268552949,0.08981010127313477
2023-01-05 03:00:00+00:00,2087.293951303324,2089.0710308139255,2069.5657755590355,2070.491252572755,5091.293156642468,10541477.945111759,3219.239567196086,2460.3136035990674,-2.3896197043837602e-05,2070.232842231113,2070.5713157682726,793013.6950551978,1.0089571373237338,-0.00804999157884645,-0.026166335763002174
2023-01-05 04:00:00+00:00,2070.491252572755,2072.515566617729,2067.6930085543263,2068.158671684245,4651.551712876808,9620147.011773873,3028.4252807351736,2563.8112269023595,1.5729208639207973e-05,2068.6910113451845,2068.084009992065,791248.5564663878,1.0766714367650474,-0.0011265833099327605,0.01722348345993273
2023-01-05 05:00:00+00:00,2068.158671684245,2068.66358264553,2059.406809965552,2060.902772280126,2448.1381644238577,5045374.729985908,3887.3429707094406,1015.2165303645993,-4.531395503197817e-05,2060.9822290222924,2061.0340010477044,795395.8283885114,0.9875310586769135,-0.0035083862294810197,-0.04961878076001609
2023-01-05 06:00:00+00:00,2060.902772280126,2064.2296034047113,2059.946244843029,2062.4433700248983,3657.794746139594,7543994.523087511,2186.884249550186,2064.6258314568613,-1.8862892524904867e-05,2062.4466119087683,2062.3156498884055,795497.1256740881,0.9661754762642053,0.0007475353837618215,-0.02065486731477083
2023-01-05 07:00:00+00:00,2062.4433700248983,2081.9881821049266,2060.906066130759,2081.150454704057,3384.0240959903695,7042663.286099844,2886.1652276627533,1450.772306969472,9.929195815230592e-05,2081.6116227668717,2080.994743039453,793730.3076042947,1.00816341393972,0.009070350706857466,0.10872469417677498
2023-01-05 08:00:00+00:00,2081.150454704057,2081.798407911699,2073.6612885141194,2074.4167497975786,3233.6230162706697,6707881.747482846,2773.024810154248,1820.5509418070621,7.102893429450294e-05,2074.7353854993685,2074.1760252644467,795698.9828184579,1.0724557283255667,-0.003235568524735055,0.07777668305248073
2023-01-05 09:00:00+00:00,2074.4167497975786,2075.46465041573,2069.2472445093845,2069.428918143023,8045.422639584764,16649430.269039283,3578.87653731815,4756.975355865102,9.916592392466218e-06,2069.401611968876,2069.471727957014,799085.6805510272,1.0264340472601452,-0.0024044501448622357,0.010858668669750509
2023-01-05 10:00:00+00:00,2069.428918143023,2071.335101452185,2068.3063407080313,2071.318182548867,2026.340729340704,4197196.396722732,1708.0852000974742,967.0775021841233,-1.3508618510212795e-05,2071.4847119265746,2071.3093738050206,796216.1853602795,1.0539631157649163,0.0009129399851719455,-0.014791937268683011
2023-01-05 11:00:00+00:00,2071.318182548867,2076.5109882577026,2070.0282456218056,2075.5920936056878,2848.783083680701,5912911.644885293,905.3119665147567,1843.2578142991554,-6.469035682559071e-05,2075.2589678224685,2075.579289151742,799334.1095374499,0.8380704627264823,0.002063377366562591,-0.07083594072402183
2023-01-05 12:00:00+00:00,2075.5920936056878,2076.006288320718,2072.4049992708565,2074.317057252426,5737.72339416657,11901857.506316,1171.9536325461377,3094.987638081563,1.0317164404950785e-05,2074.1176605414025,2074.249044191128,798771.299156043,1.0954445916459994,-0.0006143000627097939,0.011297295023421111
2023-01-05 13:00:00+00:00,2074.317057252426,2075.7949193616314,2070.9576973024436,2072.7978334135205,3812.873157538793,7903315.220026978,1552.8174348854993,2199.9316934889657,2.84548373706851e-05,2072.095051894615,2073.0362689533204,801743.9582819047,1.1872481379437005,-0.0007323971200997592,0.031158046920900184
2023-01-05 14:00:00+00:00,2072.7978334135205,2079.8561358907987,2072.6793747720953,2078.8113847850204,3161.465121553231,6572089.687285615,4400.427764430552,1126.045996696108,2.57972821082758e-05,2079.191921714429,2078.740937034396,800983.0294169477,1.1067923240449085,0.002901176021395502,0.028248023908562004
2023-01-05 15:00:00+00:00,2078.8113847850204,2085.1344921086525,2077.206874200725,2083.3243902331965,4360.447200886283,9084226.005930465,3810.7154420295496,1673.7292621919726,2.531040360119149e-05,2082.731139199588,2083.203822010629,797828.6431000098,0.9745904051611879,0.0021709547490489367,0.02771489194330468
2023-01-05 16:00:00+00:00,2083.3243902331965,2085.1923992787306,2074.3584180158223,2074.900719878163,5518.191388731483,11449699.284904433,3949.8782299025866,3109.2030313853247,-2.6090481361346303e-05,2075.1127566491655,2075.1075646249424,798832.5773234202,0.932124537411663,-0.004043379127381508,-0.028569077090674203
2023-01-05 17:00:00+00:00,2074.900719878163,2075.557963209529,2072.9867436800087,2074.433035028392,7069.01596862465,14664200.250458201,2665.7613196829834,4474.225084484809,2.66863057317191e-05,2074.1745574909987,2074.66890366826,800685.7335201765,1.0221971386031987,-0.0002254010735501799,0.029221504776232417
2023-01-05 18:00:00+00:00,2074.433035028392,2075.497054429132,2073.6458250970672,2074.915281785926,9749.998899464394,20230421.713894628,1231.6388892804591,5250.068934720132,2.8066331023244706e-05,2074.610589357075,2074.971530047333,804877.6592370672,0.9210419310009111,0.00023247159555905839,0.030732632470452954
2023-01-05 19:00:00+00:00,2074.915281785926,2076.8638977707496,2065.687379193714,2066.3529067392055,8673.749309283954,17923027.097566076,2754.1474353401686,5411.14549142291,9.452810189015888e-05,2066.2924563467664,2066.0652658189956,808324.8546971255,1.0580537233452483,-0.004126614287283337,0.10350827156972398
2023-01-05 20:00:00+00:00,2066.3529067392055,2069.7319062451247,2065.343940236879,2068.6892918910703,4869.931604811416,10074375.363115272,4424.544837990212,1790.9301299375397,0.00012333667271761811,2068.7719604945923,2068.59004263477,809715.3388160426,0.9579671633298152,0.0011306806036108785,0.13505365662579186
2023-01-05 21:00:00+00:00,2068.6892918910703,2068.888952526878,2060.684993866872,2061.778831778615,5064.733356298857,10442360.02262004,2938.4507419100087,3127.4469443477055,2.315054865411042e-05,2061.9681360058566,2061.879925437734,809239.9242187939,1.0768530943111698,-0.0033405017077930976,0.025349850776250907
2023-01-05 22:00:00+00:00,2061.778831778615,2070.0788498097804,2060.346960927568,2069.9838683287276,4741.419948637169,9814662.806650965,3453.715070322219,2907.411892876149,-8.315297558794332e-06,2070.5339556800113,2069.986803318979,808198.6209574395,1.1089708891925836,0.003979591032581498,-0.009105250826879793
2023-01-05 23:00:00+00:00,2069.9838683287276,2073.820764401571,2068.6634598799565,2071.7688316705207,3150.403291787308,6526907.347117153,2371.612349844785,1696.9973902660035,2.6750893511901816e-05,2071.8802764846446,2072.026406498106,807608.8750663556,0.8374198468495861,0.0008623078513332327,0.029292228395532492
2023-01-06 00:00:00+00:00,2071.7688316705207,2073.898555245584,2070.3636430587244,2072.6981238782796,9565.888891630158,19827199.958909906,1430.3641518189575,4580.548808037116,-3.810637627218501e-07,2072.972091674648,2072.4714677838506,805947.0106127503,1.0234222408677833,0.000448550143989479,-0.0004172648201804259
2023-01-06 01:00:00+00:00,2072.6981238782796,2072.811071361583,2067.1930519412917,2067.987317945681,1617.9376254291865,3345874.490614707,3431.8401092969393,908.4467080513457,-7.1216907873124566e-06,2067.8016677933374,2068.099548605978,805397.9065515399,0.9441375033545634,-0.002272789210511883,-0.007798251412107139
2023-01-06 02:00:00+00:00,2067.987317945681,2069.0445877291427,2065.79484611921,2067.1950407887393,2844.525651394385,5880189.319958831,2836.9058407512216,1203.7325642327162,2.706749240389288e-05,2067.4163509624123,2067.0913447851544,800308.8517037877,0.8872176047824966,-0.00038311509459765247,0.029638904182262706
2023-01-06 03:00:00+00:00,2067.1950407887393,2068.2371231173624,2050.1565580627052,2050.864900806165,6957.830177914269,14269569.69765429,2251.6300718077027,3828.8510709896573,-2.2165221557615762e-05,2050.912050832062,2051.081971142729,800666.5878357069,0.950612566757923,-0.007899660970714817,-0.02427091760558926
2023-01-06 04:00:00+00:00,2050.864900806165,2051.7578224491776,2040.530295317819,2041.7707389251898,6306.0617927787125,12875532.446349699,1885.7822255666183,3520.533954339065,6.030533755775088e-05,2041.6288815320406,2041.7584691958675,800608.7176369316,0.9824852896240683,-0.004434305681178974,0.06603434462573722
2023-01-06 05:00:00+00:00,2041.7707389251898,2046.8658375766997,2040.832477959442,2044.9205447459744,3507.8254768353318,7173224.384963914,3723.16363422262,1795.9039185689235,2.4804222540796136e-05,2044.891104234772,2045.089151847592,805740.4664146509,1.082694979296556,0.0015426833976681653,0.02716062368217177
2023-01-06 06:00:00+00:00,2044.9205447459744,2046.8607081639022,2026.5551090192735,2027.6962935818894,9432.591579026037,19126430.983662836,2135.2283151905344,4037.360887344644,4.250041534299763e-05,2027.6774192467424,2027.5912541956623,807257.9483963217,0.8782874186945429,-0.00842294396637533,0.046537954800582405
2023-01-06 07:00:00+00:00,2027.6962935818894,2035.0024089199087,2027.6607314674593,2034.7481311700844,4685.094450307158,9532987.177117823,3219.059341285611,1642.74439967508,2.0852998201466424e-05,2034.806463101371,2034.5186931642713,806297.5079251906,1.0840650069726,0.0034777582868379397,0.022834033030605733
2023-01-06 08:00:00+00:00,2034.7481311700844,2035.0568445851436,2019.714577816874,2020.7224867567843,6366.28225489869,12864489.709514469,1890.9142296745601,2602.1126493764496,-6.362722362620615e-06,2020.8441517839706,2020.5429846711265,807426.9767070733,1.1614450329506165,-0.006893061700582459,-0.0069671809870695735
2023-01-06 09:00:00+00:00,2020.7224867567843,2027.849650704642,2020.2779925840057,2027.0236616588684,1819.2370996882516,3687636.6472357395,3964.3288106996442,1091.7836002341915,-1.7397977987442592e-05,2026.8689317354704,2026.92527819376,804975.4444725045,1.0477952852733572,0.003118278211570402,-0.019050785896249638
2023-01-06 10:00:00+00:00,2027.0236616588684,2028.7142530503863,2019.5739303400126,2020.3534080089667,9017.999603464856,18219546.23228373,2374.789801477282,3730.5869903785197,1.813619978377295e-05,2020.1289143859808,2020.1877691505488,803770.0606579813,1.0436752999777898,-0.0032906639306040653,0.01985913876323138
2023-01-06 11:00:00+00:00,2020.3534080089667,2028.0975068462878,2020.204364992868,2026.8332643377546,1927.0322750601092,3905773.116544291,2809.6743906225847,717.43272896392,2.5619831286094025e-06,2027.0605143786338,2027.0279151350533,800034.8712316506,0.9989261906357368,0.003207288538283004,0.002805371525827296
2023-01-06 12:00:00+00:00,2026.8332643377546,2029.5601822266162,2025.5018353280598,2028.080028320157,4546.420723204057,9220505.069071032,4695.833077542613,1927.6387762187476,4.169506666047878e-05,2027.563917137086,2028.2972617246317,802907.3902773883,0.9059967811323755,0.0006151290312523816,0.045656097993224266
2023-01-06 13:00:00+00:00,2028.080028320157,2029.248320820592,2013.9967850311039,2015.7979441112122,8970.168018980181,18082046.250992395,3817.2038184282237,4536.678971198895,2.9778414840118032e-05,2015.6110171568462,2015.841976633735,804094.0702178056,1.0427861861813998,-0.006056015560252814,0.032607364249929244
2023-01-06 14:00:00+00:00,2015.7979441112122,2026.479747902725,2015.0831478061632,2026.054161172657,9504.946089307628,19257535.575963493,3892.5932006245866,4998.48128954598,-3.811533739613647e-05,2026.5260142738439,2025.886534352196,801742.9016635374,1.0307221987354773,0.005087919199147084,-0.04173629444876944
2023-01-06 15:00:00+00:00,2026.054161172657,2039.589639130974,2025.8412881456134,2037.9230960764887,9135.780837559718,18618018.769555956,2225.2357860900993,5601.55059939124,3.3356064971417586e-05,2037.0955369711987,2037.903797637147,801621.9265022215,1.0585274327763086,0.005858152823003504,0.03652489114370226
2023-01-06 16:00:00+00:00,2037.9230960764887,2037.9516697596625,2036.308945645692,2037.5727864236687,8448.338283425932,17214104.17680993,4329.417230999395,5123.299616738371,-3.7143020857037865e-05,2037.3609648328058,2037.4609684372988,803521.4628982971,1.205507227908301,-0.00017189542308759798,-0.04067160783845646
2023-01-06 17:00:00+00:00,2037.5727864236687,2038.9959989393021,2035.267782721751,2035.5263687624438,3099.707023605916,6309535.381987994,2420.1856529276397,1985.7405158073464,-8.238812759640276e-07,2035.7363494051394,2035.7631533151787,804511.6800613921,1.0582224752022442,-0.0010043408877760118,-0.0009021499971806102
2023-01-06 18:00:00+00:00,2035.5263687624438,2035.9219521748107,2032.5966840046096,2034.4106078825998,1286.6863456406215,2617648.350588978,4950.884520462255,791.6729741452667,1.5282319539107627e-05,2033.9069932379007,2034.462028589625,805276.2341351134,1.0340569343649737,-0.0005481436629692915,0.016734139895322853
2023-01-06 19:00:00+00:00,2034.4106078825998,2035.3690013864568,2026.4127794379692,2026.6609578866444,5066.285913301178,10267643.861978577,4562.7781658176,2457.540191781884,-7.376366389556555e-05,2027.4507908667038,2026.7403116408257,803560.549766298,1.1249545057095813,-0.0038092850902017306,-0.08077121196564428
2023-01-06 20:00:00+00:00,2026.6609578866444,2037.737021927059,2025.9275691053454,2035.7518926585474,1568.616271165366,3193313.542879887,3568.323592230636,615.781792863729,3.457537239299907e-05,2034.961490535485,2035.686800205315,802286.0595589338,0.8923827152584,0.004485671239940814,0.03786003277033398
2023-01-06 21:00:00+00:00,2035.7518926585474,2036.8492359256948,2030.512123174947,2031.5170329632867,9644.8080149431,19593591.762017734,4292.148490714297,6141.178338508261,3.754916748571675e-05,2031.954792212349,2031.190150235273,802476.3642566339,0.9085837913653418,-0.0020802435260075525,0.04111633839685984
2023-01-06 22:00:00+00:00,2031.5170329632867,2031.6327254633968,2031.047149402305,2031.2865828517336,1073.6869894054255,2180965.975761712,3084.9824659220803,449.47614571799875,2.2098790328766357e-05,2031.7610938449295,2031.1612712630729,804316.8752820286,0.9699834805323402,-0.00011343744985348181,0.024198175409999162
2023-01-06 23:00:00+00:00,2031.2865828517336,2032.1575575671066,2024.3809668209844,2025.0264391155347,3929.325365987976,7956987.754012976,3878.9626935541596,2108.6170801898156,8.784136376420291e-06,2025.3047847808136,2024.8455423407488,802659.1415074924,0.9476056585301532,-0.003081861411898923,0.00961862933218022
2023-01-07 00:00:00+00:00,2025.0264391155347,2026.3634974617228,2019.584012430069,2020.1401147179054,2829.630715024025,5716250.517257943,1324.0520694067834,1214.8736857608885,1.1319816994593e-05,2020.072969632439,2020.1999520443974,800416.3414400783,1.0555146689129264,-0.0024129681979675466,0.012395199609079335
2023-01-07 01:00:00+00:00,2020.1401147179054,2020.2546701819995,2008.5661333357928,2009.9998670618766,1123.2183531141961,2257668.740440994,4952.059630263496,668.3682535596279,-1.882697343055284e-05,2010.1075562828478,2010.0153907371955,802704.4012808928,0.9746047026472159,-0.005019576405691395,-0.020615535906455363
2023-01-07 02:00:00+00:00,2009.9998670618766,2020.8006991715301,2008.0174576826587,2020.2902653073859,5491.702540272877,11094833.182077136,4160.887168460945,2252.873345837585,1.6514981513559405e-05,2020.0183595245792,2020.160703721244,800843.7766160105,1.1391947072794864,0.005119601455770839,0.018083904757347547
2023-01-07 03:00:00+00:00,2020.2902653073859,2020.3273096283415,2018.4969082718897,2019.229560204866,1684.4482450525393,3401287.689045297,1398.2579993728773,802.1938229567188,2.369409824256908e-06,2019.4746920461987,2019.1667849590092,802998.1000220501,1.1216357936009598,-0.0005250260919108518,0.0025945037575613138
2023-01-07 04:00:00+00:00,2019.229560204866,2028.3104694751685,2017.6329160570854,2027.2156346724246,9099.45240355019,18446552.17943452,1818.9804325626453,3784.553025279666,3.458426963436994e-05,2026.8751035236387,2027.4696815654954,803484.209745989,1.0616056837567076,0.003955010675828374,0.03786977524963508
2023-01-07 05:00:00+00:00,2027.2156346724246,2028.2822649999252,2026.9311331636866,2027.5088158450928,7188.651303299433,14575053.891475916,3214.8827000784704,4371.920004349306,-3.020680447724286e-05,2027.4255235728847,2027.3532097242708,805246.3043933503,0.9691206573475359,0.00014462258856617893,-0.03307645090258093
2023-01-07 06:00:00+00:00,2027.5088158450928,2028.5300517943267,2020.8897176095818,2022.062339370858,4330.006583238161,8755543.24119377,4003.555858517182,2320.133841943867,4.17794954505572e-05,2022.3645110932146,2021.913846520904,808735.0647802986,1.0493560448667645,-0.0026862899098984983,0.04574854751836014
2023-01-07 07:00:00+00:00,2022.062339370858,2022.6605398547729,2018.7307810448694,2019.6046907538853,8574.076668111486,17316245.4578014,1425.1856510342077,4623.53924339695,3.7160944673883494e-05,2019.2671230474027,2019.5677978617514,810112.3918633775,1.064884747499687,-0.001215416839095762,0.04069123441790242
2023-01-07 08:00:00+00:00,2019.6046907538853,2020.9311812797825,2014.6825823524698,2015.2633485084225,8171.718726538159,16468165.243912272,4834.678179377968,3631.096601661804,2.2921858391063816e-05,2015.1532339478256,2015.1506329061135,811664.4556513127,0.9146742683610909,-0.0021496000010983174,0.025099434938214878
2023-01-07 09:00:00+00:00,2015.2633485084225,2015.860406692171,2013.6073858431027,2015.5115495468524,3937.9698336815854,7937023.681552333,2252.9536198792466,1586.795198621852,8.03975884568555e-06,2015.5612111948096,2015.442417926957,809828.7854014394,1.0279023785557537,0.00012316059765260512,0.008803535936025678
2023-01-07 10:00:00+00:00,2015.5115495468524,2017.338917172448,2011.16789510369,2012.6701959304226,8625.053510744818,17359388.13938115,4978.893018094925,5237.143195684385,5.7616994623505626e-05,2012.2651093202874,2012.7557664077933,808438.4140389588,1.0564891028896644,-0.0014097431577947406,0.06309060911273866
2023-01-07 11:00:00+00:00,2012.6701959304226,2014.6025232608117,2010.170034713492,2010.4394274326144,9364.580195710349,18826921.246810712,3960.8602548700255,5425.650886471067,-5.323008533969323e-05,2010.7905624890677,2010.7180299700588,809726.307085575,1.0173170964998963,-0.0011083626628539678,-0.05828694344696408
2023-01-07 12:00:00+00:00,2010.4394274326144,2011.430561318597,1998.9521866566224,1999.53686561222,6579.025628089224,13155004.283171993,2839.1917211443015,3752.23947500076,5.302266690725601e-05,1999.639074165777,1999.25221251864,812794.828736299,1.1256888105964165,-0.005422974535630343,0.058059820263445326
2023-01-07 13:00:00+00:00,1999.53686561222,2000.4674303258987,1991.632707629795,1993.2661990100787,4166.046951443308,8304040.571800929,2323.3421013974366,2704.354578076928,4.215187330951861e-05,1992.8130528699521,1993.2632897422368,815579.0328813939,1.0971330400902761,-0.0031360595095711874,0.04615630127392288
2023-01-07 14:00:00+00:00,1993.2661990100787,2008.3610784147531,1991.2880186240009,2006.636140465876,9105.274434122966,18270972.74837112,1205.2516256972071,4715.255295845918,4.416881462673078e-05,2006.6220029685812,2006.6427926288993,820212.3637686822,0.9339534099302864,0.006707554396114812,0.0483648520162702
2023-01-07 15:00:00+00:00,2006.636140465876,2007.2177394653686,2000.2077061852658,2001.4317115862802,9485.798080358354,18985177.087733474,1169.182010352525,3828.155439726929,4.916562962163377e-05,2001.1989445263782,2001.418272835743,820834.1453139563,1.0099585871013974,-0.0025936086640936384,0.053836364435688976
2023-01-07 16:00:00+00:00,2001.4317115862802,2003.0390727628019,1991.4382549753907,1993.1757038038804,4125.555206675575,8222956.402647354,3443.7037527647162,2198.3525612303047,-2.682220329642515e-06,1992.9791095194669,1993.1458682030989,821239.7128298711,0.9331579193164293,-0.0041250509495806,-0.002937031260958554
2023-01-07 17:00:00+00:00,1993.1757038038804,1996.6206111129845,1991.2139773741048,1996.0471315836771,1776.6273021198485,3546231.8302895706,4048.78780356901,774.9453539790901,1.7026997084928223e-05,1996.0701095184056,1995.9927799459024,823252.1165388614,1.0463644757884745,0.0014406295312132666,0.018644561807996403
2023-01-07 18:00:00+00:00,1996.0471315836771,2008.9106499171003,1994.5689679350528,2007.465345542083,8810.291026907995,17686353.92065817,4611.67679492217,4439.344568730124,6.185291656081747e-05,2007.2516435525602,2007.6266161244196,823289.9439514031,0.9306281436567065,0.005720412999139279,0.06772894363409512
2023-01-07 19:00:00+00:00,2007.465345542083,2008.1358617358162,1994.6861940104016,1995.9730621153976,6983.140362075874,13938160.051674208,2332.955133763358,3406.354899003544,5.1531962204155516e-05,1996.2618329971208,1995.898789941341,823165.0072257607,1.0738649017204906,-0.00572477300901153,0.056427498613550287
2023-01-07 20:00:00+00:00,1995.9730621153976,1997.1758388184119,1994.0492675255816,1994.4905267924512,3087.9804182383796,6158947.69109704,4738.046901893941,1602.8417341238362,4.033563827213244e-05,1994.2797115803653,1994.4702123587767,821070.2774218353,1.031051609196618,-0.0007427631920919886,0.04416752390798502
2023-01-07 21:00:00+00:00,1994.4905267924512,1996.3371622387315,1988.89317271361,1989.630180721007,6102.344920457554,12141409.626911882,2046.8755357207613,3822.5874014341434,-4.571601225598138e-05,1989.923166652947,1989.6301626287536,823052.7177079982,1.0776667668702238,-0.0024368860148263893,-0.0500590334202996
2023-01-07 22:00:00+00:00,1989.630180721007,1989.7382669535716,1974.5647548381007,1975.7967721275375,3773.74302207383,7456149.281852292,4747.507423763003,2238.0569332423834,5.689435574416041e-05,1975.7838031587721,1975.8137632812502,820908.7221652044,0.9883932306498172,-0.006952753696396252,0.062299319539855645
2023-01-07 23:00:00+00:00,1975.7967721275375,1983.3852789629839,1973.9663914051207,1981.7854734685313,9272.695393078691,18376493.02990192,4659.1086840162325,4400.309996621118,8.847354959965531e-05,1982.0398659619045,1981.7583842404745,821933.2423488216,0.8834965443062043,0.0030310310379468852,0.09687853681162256
2023-01-08 00:00:00+00:00,1981.7854734685313,1982.859295146203,1981.1824203772594,1981.7806151743446,4079.0324448455053,8083747.427862036,1450.9950669776488,2427.8393189451313,8.048357465214288e-05,1981.6196941946175,1981.93903806925,819094.893862909,1.1412668145431755,-2.4514733061309357e-06,0.08812951424409646
2023-01-08 01:00:00+00:00,1981.7806151743446,1983.2794401177664,1980.997397510836,1982.5279279539361,2766.322109850809,5484310.840495685,4415.334898760676,1682.3570647917854,4.169390243845527e-05,1982.3776670234402,1982.526551477337,821287.567089044,0.9861945193176076,0.0003770915780836326,0.04565482317010852
2023-01-08 02:00:00+00:00,1982.5279279539361,1983.2223588301626,1976.6991101068552,1976.7430667141707,1388.8825648152258,2745463.9804786923,3755.502498857953,808.5979409500269,-4.788393018020973e-05,1976.401347549123,1976.770592606022,819229.9514425087,1.110135204945353,-0.002917921688869063,-0.05243290354732965
2023-01-08 03:00:00+00:00,1976.7430667141707,1980.6570288289165,1975.365816490359,1980.5195569593711,4082.653789773674,8085775.674941055,3750.2384710939486,2104.2674407005707,7.7127240711401e-05,1980.691261713749,1980.5114046412384,820916.9158003156,1.0344145869647896,0.0019104608529008082,0.08445432857898409
2023-01-08 04:00:00+00:00,1980.5195569593711,1981.0312810227738,1975.551385876132,1976.4280705345996,9905.02604725433,19576571.519169826,4329.7320005233,6139.170747033352,2.2637268164011637e-05,1976.7060932641232,1976.2694780848428,817738.2448627473,1.0539129852284337,-0.0020658651970359987,0.024787808639592745
2023-01-08 05:00:00+00:00,1976.4280705345996,1977.6596560421945,1973.9029121900958,1975.4788145982336,2965.057725943219,5857408.721661644,3053.989191809958,1475.377949983212,-9.662598240334829e-05,1976.1067764147122,1975.3476479828996,816858.6127785397,1.1463799291451693,-0.000480288633073922,-0.10580545073166639
2023-01-08 06:00:00+00:00,1975.4788145982336,1975.6716014955582,1966.4422643456135,1966.90184075838,5122.461769922099,10075379.484474206,2928.4256131736606,1955.6872972641986,4.8860370155360197e-05,1967.2825919010252,1966.736619883557,819215.3035851475,1.0272188241460158,-0.004341718967812769,0.05350210532011941
2023-01-08 07:00:00+00:00,1966.90184075838,1968.2184992883656,1956.2223811635117,1957.5136474668427,9748.959582876521,19083721.43208345,2341.52543407394,4208.016205339902,-4.460858915397683e-05,1957.5869898301537,1957.543816444793,817604.6123459205,1.1120185045886082,-0.004773086839919616,-0.048846405123604636
2023-01-08 08:00:00+00:00,1957.5136474668427,1970.043561793778,1956.1960594679083,1968.1497031699805,1060.4275858146887,2087080.2382544386,4434.05077391589,580.3231232125968,-3.482202900975315e-05,1968.0874199346852,1968.0373622249201,817738.9943677513,0.8812539555954789,0.005433451622113283,-0.038130121765679696
2023-01-08 09:00:00+00:00,1968.1497031699805,1970.0800173670552,1963.4251218001566,1964.3372109740462,3655.568430415041,7180769.095126254,4584.612500678231,1695.2257049694574,-1.747944618692637e-06,1964.4517426882337,1964.170417075792,816782.1323753098,1.0696880119679888,-0.0019370946172405645,-0.0019139993574684374
2023-01-08 10:00:00+00:00,1964.3372109740462,1968.557403939772,1963.96672568282,1966.8084368109621,8390.6567760003,16502814.537422458,1474.2881311515368,4001.0496545865494,9.36295588941442e-05,1966.8002535965124,1966.8459015060916,812163.2717819241,0.9806490337450039,0.001258045626336468,0.1025243669890879
2023-01-08 11:00:00+00:00,1966.8084368109621,1968.394885844344,1965.9298261576375,1966.7222167710672,1861.5851992790663,3661220.969834334,4043.110510623351,876.1786516054439,1.1457732291080348e-05,1967.153954532817,1966.8048240950875,812779.3899396599,0.9892746111103227,-4.3837538156288325e-05,0.01254621685873298
2023-01-08 12:00:00+00:00,1966.7222167710672,1967.072201501747,1961.9685451914263,1963.4313858215546,9354.665139698607,18367243.13913502,1957.1475575894935,3813.064222463619,4.354957938683578e-05,1963.709391205279,1963.1548075806165,813643.9069387795,1.0006973090351865,-0.0016732566101355095,0.04768678942858518
2023-01-08 13:00:00+00:00,1963.4313858215546,1965.3362204701941,1959.2505764235736,1959.6213085761829,8511.016931868357,16678370.137341918,1572.200639100255,3217.6717424260605,0.00011739839818761154,1959.3753483342405,1959.8861980859956,811428.3624536111,1.0277221693394716,-0.0019405196804356262,0.12855124601543463
2023-01-08 14:00:00+00:00,1959.6213085761829,1965.137460731076,1959.4448622900843,1964.73916251572,2287.4649249915915,4494271.9210120635,1628.2753985661793,834.2939267166262,0.0001097014881327896,1964.5365103197423,1964.7442364364044,812575.7350469902,1.1325728382243232,0.0026116545666956537,0.12012312950540462
2023-01-08 15:00:00+00:00,1964.73916251572,1966.4466186078018,1961.6379944076484,1962.5462263316492,6331.113419235311,12425102.749397924,3207.8836151367027,3493.206035317412,2.483232920863175e-05,1962.9487294226774,1962.5297146690434,810984.3448389395,0.8517029508577895,-0.0011161462172224468,0.027191400483451766
2023-01-08 16:00:00+00:00,1962.5462263316492,1964.269093986524,1961.0765714150036,1961.5365936566425,5999.484259852057,11768207.918766847,1975.0347737759294,2683.1673601149055,1.7923948896974434e-05,1961.6272402253617,1961.7039951426887,808977.551096326,1.0035232142633448,-0.0005144503917718923,0.019626724042187006
2023-01-08 17:00:00+00:00,1961.5365936566425,1963.1101987666195,1959.9662834072647,1961.89008300904,7243.241676549644,14210444.014060518,1817.5709983470724,3527.873323525789,-3.304353170447751e-05,1961.8218801047747,1961.9010401474388,808991.2581964905,0.9426810336234202,0.00018021042969107448,-0.03618266721640287
2023-01-08 18:00:00+00:00,1961.89008300904,1972.3296240663726,1960.2867361214828,1971.3019710774709,3761.5631248810837,7415176.802410411,1213.6830654298822,2371.8837236992345,-4.722903709079557e-06,1971.652765099688,1971.20674000885,807628.428308333,1.093265120375453,0.00479735748192156,-0.005171579561442114
2023-01-08 19:00:00+00:00,1971.3019710774709,1977.2441792798504,1969.4385379807602,1976.8479691572747,4457.391496289575,8811585.327178953,2163.7905638287098,2398.074665399594,5.1267917380638504e-05,1976.7330369607623,1977.195036346997,812213.2955181606,0.9661526596279908,0.0028133680994457677,0.05613836953179917
2023-01-08 20:00:00+00:00,1976.8479691572747,1981.082448826771,1975.1878866255947,1980.0538734674133,3167.209287541728,6271245.017878965,4051.1937459090914,1878.776568701174,4.978653809048234e-05,1979.9707778799273,1979.8836845431724,809103.4522549558,1.0365416038924964,0.0016217252718251363,0.05451625920907816
2023-01-08 21:00:00+00:00,1980.0538734674133,1980.6293165168424,1974.4918926113075,1975.771093423635,3627.0954533978406,7166310.349911747,890.7143201842895,2098.9954236730878,3.5511911558697977e-05,1975.6344180135936,1975.755663303549,810580.3322794179,0.9681996980533429,-0.0021629613724996055,0.03888554315677429
2023-01-08 22:00:00+00:00,1975.771093423635,1976.0198048893321,1964.6621511404574,1965.0297137439115,2581.558681223761,5072839.516378237,2827.173097980629,1642.163204698986,7.974008287819627e-05,1964.451502029301,1965.1628947733086,812558.1468936751,1.0534446921049885,-0.0054365506791126395,0.08731539075162491
2023-01-08 23:00:00+00:00,1965.0297137439115,1972.9254658589998,1963.4124815511118,1972.6725866320864,9139.627057935579,18029491.749230385,3331.786118061604,3382.0840294057825,-8.618400651659037e-06,1972.9283210429583,1972.503781806657,808599.6046434264,1.0811842661688327,0.003889443927854508,-0.009437148713566646
2023-01-09 00:00:00+00:00,1972.6725866320864,1982.0653764592034,1971.236294823186,1980.4786744521507,8986.817324149068,17798200.061674368,1008.400652264242,4181.049751968246,2.719617399082675e-05,1980.1194895544409,1980.4625093139687,805134.6363814061,0.9682080014528445,0.003957112737796642,0.02977981051995529
2023-01-09 01:00:00+00:00,1980.4786744521507,1982.305474675522,1978.0664042379442,1979.5448601494004,4240.149353509844,8393565.859006215,2034.6834760868107,2692.0012094306194,6.656214942474061e-05,1979.37599723694,1979.6060779558043,806259.4181677611,1.0039260414592612,-0.0004715093955801608,0.07288555362009097
2023-01-09 02:00:00+00:00,1979.5448601494004,1984.2978439972621,1978.164258800344,1984.0163739957025,7238.961663638997,14362218.471386941,4607.199875684259,3542.2410558241863,5.92072953113959e-05,1983.7949958963773,1984.3975666062515,805296.3946323832,0.8863711847736372,0.0022588595673274092,0.06483198836597852
2023-01-09 03:00:00+00:00,1984.0163739957025,1990.425540726667,1982.3695943794905,1990.3991459626718,5412.479594813495,10772994.763057169,4976.215023325864,3433.3524595074778,8.354728878662098e-05,1990.6161961836635,1990.256984143015,806063.5203374409,1.0244319829569384,0.0032170964164548455,0.09148428122134997
2023-01-09 04:00:00+00:00,1990.3991459626718,1997.7249997084875,1989.8063186366646,1997.1984728730624,3527.0445394183166,7044207.967881536,4371.290772871674,1430.0698828629454,4.9851020338253035e-05,1997.1779268586702,1997.190857694557,808342.4144754626,1.068501434772473,0.0034160620115730733,0.05458686727038707
2023-01-09 05:00:00+00:00,1997.1984728730624,2005.011123529973,1995.8554553856602,2004.7416080904559,4146.437916858589,8312536.617290328,1512.7320975071636,1526.1947806492883,1.4529872220158406e-05,2004.746244020451,2004.8472510978422,807598.1180647908,0.955567597816996,0.0037768580938990493,0.015910210081073455
2023-01-09 06:00:00+00:00,2004.7416080904559,2005.1197555376834,2000.2358511199943,2001.271106869209,9686.40120683729,19385114.864786506,4009.458517180716,5992.39421491203,4.810961301311998e-05,2000.7669487151072,2001.2840823672993,805470.1866830315,1.0896290171132894,-0.0017311464017313316,0.05268002624936637
2023-01-09 07:00:00+00:00,2001.271106869209,2014.7559341557046,2000.5949897965863,2013.5813579854323,4073.1531454550595,8201625.241908034,2693.6360427080576,1928.1326673166311,-2.0129759819205444e-05,2013.554948743884,2013.3875955155975,800011.3046204393,0.8341351720637615,0.0061512161315722125,-0.02204208700202996
2023-01-09 08:00:00+00:00,2013.5813579854323,2014.4316815589384,2002.7022270926404,2003.357003104308,6207.99793941065,12436836.14717544,1516.7062287462547,3119.4106010624455,-5.1972966577156316e-05,2002.9133597661237,2003.4224133465195,800420.5040222306,0.8518931643305588,-0.005077696434055978,-0.05691039840198616
2023-01-09 09:00:00+00:00,2003.357003104308,2010.9421885347074,2003.0455452951146,2010.0794039709826,9505.92239930523,19107658.830589868,2819.7167249232148,5997.122136668727,5.903358904485886e-05,2010.1720275240743,2010.0966986854028,798563.2727433929,0.8889406087390928,0.0033555681070611687,0.06464178000412045
2023-01-09 10:00:00+00:00,2010.0794039709826,2014.2812824560647,2009.091378930533,2013.867205871724,3678.34483705629,7407698.039235233,4676.098059312379,1529.5617502242449,2.724298335894958e-05,2013.9779855832608,2013.9390012375463,799190.0433251435,0.9612164174391702,0.0018844041152097368,0.029831066778049795
2023-01-09 11:00:00+00:00,2013.867205871724,2022.063650895845,2013.124657794073,2020.7207025910013,8280.460292930018,16732497.540906435,4484.461164266211,5303.296272080793,4.542048132085043e-05,2020.7154292729708,2020.9036127523248,799653.2880731015,1.0014894838034194,0.0034031522531847713,0.049735427046331215
2023-01-09 12:00:00+00:00,2020.7207025910013,2036.313328724659,2019.8689358358204,2035.7239658335318,2026.7271055865217,4125856.941046909,2444.4468948460817,950.4640919588256,-5.488421819207091e-05,2036.3478573185726,2035.888972884566,796884.35248041,0.9936908360557332,0.007424709027473719,-0.06009821892031764
2023-01-09 13:00:00+00:00,2035.7239658335318,2048.443043296151,2033.9902050572846,2047.6257398735922,7599.974662193954,15561903.740695449,1066.0792216795874,3224.1029636993917,1.1744298763728499e-05,2047.787828569859,2047.69253545257,800332.1042498881,0.9946326441710506,0.005846457692601392,0.012860007146282706
2023-01-09 14:00:00+00:00,2047.6257398735922,2048.5746383908945,2036.6702053131708,2038.05916724165,8260.18937390214,16834754.67663332,4582.323725627365,3470.198579556088,7.144313423624193e-09,2038.2413159799487,2038.1098066828158,802498.6208408182,1.0578860816873652,-0.004672031829670686,7.823023198868492e-06
2023-01-09 15:00:00+00:00,2038.05916724165,2039.9024378325175,2022.7296976843115,2024.1065927382863,8536.994271322745,17279786.38675335,4942.398862238113,4315.746377010238,-1.3210605736833492e-05,2024.1498007404757,2023.9287188310013,804195.1636019262,0.9622304125221137,-0.006846010521984636,-0.014465613281832674
2023-01-09 16:00:00+00:00,2024.1065927382863,2031.0358589673367,2022.1147786465365,2030.5356249410074,9775.477121827105,19849454.54666572,2947.8559453974462,4790.861741784605,-8.275075032312302e-05,2030.4769146197966,2030.513806458172,801826.217769989,0.8989139558464526,0.003176232035301929,-0.0906120716038197
2023-01-09 17:00:00+00:00,2030.5356249410074,2031.9949019101887,2021.665646451349,2022.1061124168598,7398.448649182773,14960448.235914744,1746.1757764177971,4556.18761386381,1.3256325893147437e-05,2022.399090799705,2022.141753508757,801011.3572028575,0.9004970328792874,-0.004151373864416996,0.014515676852996443
2023-01-09 18:00:00+00:00,2022.1061124168598,2022.7316888039093,2020.7942314461463,2021.8211051431376,9794.899651286394,19803534.83772999,3083.9297776995627,3577.4953437049244,7.486521440830954e-05,2022.155145232579,2021.7562426554075,799917.498156475,1.1690132016830803,-0.00014094575550316346,0.08197740977709896
2023-01-09 19:00:00+00:00,2021.8211051431376,2030.2418578894892,2021.6340489187596,2028.4275788886318,3505.1800125570862,7110003.806439995,3724.348917949263,1273.0559552136742,4.9049886093186914e-05,2028.0316824543481,2028.443418266758,799087.9771860306,0.811830698751416,0.003267585707107612,0.05370962527203967
2023-01-09 20:00:00+00:00,2028.4275788886318,2029.22694060051,2014.1136017928004,2014.9050388358837,5694.0478935499295,11472965.792086603,2825.2704215865338,2253.90589534986,-4.733048329031388e-08,2015.2237432985949,2014.7720035348636,796839.7617131269,0.9858937127298194,-0.006666513605655622,-5.1826879202893704e-05
2023-01-09 21:00:00+00:00,2014.9050388358837,2015.9228917652654,1995.816856300412,1997.7153882463624,2926.667685199458,5846649.071006318,2280.702721276544,1556.1071952873626,2.925620141748499e-05,1997.869359123692,1997.9606000431183,797709.055728785,1.116632554261712,-0.00853124601815114,0.032035540552146066
2023-01-09 22:00:00+00:00,1997.7153882463624,2001.3590550709164,1997.543743938458,1999.6049710572179,1751.7585652583155,3502825.1351825874,1840.6940960687693,1023.7336299972155,6.784000401190045e-05,1999.8931241533805,1999.9492357196598,798167.522782387,1.038669249860233,0.0009458718804353783,0.07428480439303098
2023-01-09 23:00:00+00:00,1999.6049710572179,2001.122747737485,1998.0898248227918,1999.777375713156,4950.427190298418,9899752.295274023,2046.812423346418,2445.2787655885286,-0.00010802089313270968,1999.9172137799724,1999.7150552650062,798898.2671514334,0.933635503555611,8.621935753994059e-05,-0.1182828779803171
2023-01-10 00:00:00+00:00,1999.777375713156,1999.9660723888796,1995.8997259856499,1997.6285419581932,7477.123340321445,14936514.996367903,1009.2468930810718,3993.7309928393734,2.3773172659668126e-05,1997.2557036513183,1997.692523365424,797886.367594578,1.0001748782366329,-0.001074536486440958,0.026031624062336597
2023-01-10 01:00:00+00:00,1997.6285419581932,1998.0273870894239,1996.6118565337827,1997.7540227037375,8006.021779313497,15994062.215477273,1871.3115466256256,4345.396430941818,5.716000735907189e-05,1997.4025429200456,1997.7165992918765,800468.4041150055,1.0691135035670645,6.281485416770316e-05,0.06259020805818372
2023-01-10 02:00:00+00:00,1997.7540227037375,1999.7332624096005,1989.1073855946738,1990.6951853491234,1152.8961373020938,2295064.78973488,4803.146660229996,410.18719190686545,6.410643126170876e-05,1991.2400158863638,1990.8963030622333,800843.8870459861,1.0966519026994421,-0.0035333866303823847,0.07019654223157108
2023-01-10 03:00:00+00:00,1990.6951853491234,1990.7531250739146,1977.589170641156,1978.4617625836222,9479.971677028961,18755761.473377537,834.0097480342179,4018.3982252470655,0.0001150365103505015,1978.5366742294345,1978.530612560917,795368.2468509073,0.9280527025217178,-0.006145301830001504,0.12596497883379915
2023-01-10 04:00:00+00:00,1978.4617625836222,1979.0570261792345,1976.2636319244154,1976.9622001440537,3225.1011278790097,6375903.021458756,3855.367240759488,2094.146619097977,8.675228395482402e-05,1976.541921063069,1976.9744309778084,794088.0192215712,1.0608366536042546,-0.0007579436044344856,0.0949937509305323
2023-01-10 05:00:00+00:00,1976.9622001440537,1978.857898064229,1968.1016969283924,1969.0975302438655,3629.801945984266,7147434.047111995,4113.434765231298,1630.638806397292,4.562814173731236e-05,1969.2003561231072,1969.0622971024875,793974.0153495447,1.0202000462282594,-0.0039781589651107785,0.04996281520235704
2023-01-10 06:00:00+00:00,1969.0975302438655,1969.127275505244,1955.5920913233158,1955.973003933549,8491.707873039386,16609551.356955016,2499.782081901093,5383.6417735991345,4.5098800305771334e-05,1955.8667583347353,1955.9927400684983,795904.6671115878,1.0883523851102272,-0.006665249490557801,0.049383186334819605
2023-01-10 07:00:00+00:00,1955.973003933549,1960.067069979714,1955.3715689733933,1959.750770358939,9047.933713395312,17731695.064983077,3300.011301290613,4503.001316295035,6.934726739972999e-05,1959.2088755709433,1959.5939322032102,795303.229236652,1.1112332314024032,0.0019314000846599733,0.07593525780270433
2023-01-10 08:00:00+00:00,1959.750770358939,1960.1689111881867,1958.4922340365933,1959.0904936484494,7627.9317975158965,14943808.67071212,1727.706526705881,3179.069687371787,3.0336502628829705e-06,1958.41749076707,1959.1963679910286,794803.0580974369,0.9725355630666375,-0.00033691871460195255,0.0033218470378568524
2023-01-10 09:00:00+00:00,1959.0904936484494,1962.2667931369667,1957.154111554638,1962.0972860406569,3995.349477994363,7839264.367556695,3605.78994552317,1401.267221907342,2.7990597252840742e-05,1961.6255978449885,1961.9852118431752,793477.4255738041,0.8840325836733076,0.0015347899456179537,0.030649703991860615
2023-01-10 10:00:00+00:00,1962.0972860406569,1963.023320148507,1953.4987671840643,1954.1537273952329,5165.582362603216,10094342.028048148,3772.868180211118,2145.086297477398,7.531195015392684e-05,1954.2333960567714,1954.237346708668,794808.5322363978,1.031666921489305,-0.004048503966616934,0.08246658541854988
2023-01-10 11:00:00+00:00,1954.1537273952329,1955.3114421786108,1948.3854473442145,1948.8314737039657,8511.445731099593,16587373.327490147,3885.1871415832293,3799.942812026351,0.00012787226074475455,1948.817421006215,1948.851684666978,793913.3578290808,1.1421297149849838,-0.0027235593682598536,0.14002012551550622
2023-01-10 12:00:00+00:00,1948.8314737039657,1949.4518287558433,1939.041670545489,1940.8656322467905,4215.776886909297,8182256.473022619,2865.2524778684683,2031.1222218065977,2.20366347134129e-05,1940.793094570284,1941.0356432454305,792706.4573467681,1.0548465687064257,-0.004087496309793881,0.024130115011187128
2023-01-10 13:00:00+00:00,1940.8656322467905,1941.0765066392612,1933.5369821363836,1933.8049733323094,8247.754056447284,15949547.813179485,4875.74685369978,3993.162424118444,2.75799655335068e-05,1933.8875501367506,1933.8023444671337,791222.1455002641,1.0184130264348754,-0.003637891669145299,0.030200062259189947
2023-01-10 14:00:00+00:00,1933.8049733323094,1936.7092068086176,1931.9373020655805,1935.1398933510868,8038.085109777724,15554819.162082223,4438.5251685662715,4135.621841354389,3.992400968938395e-05,1935.3143840715916,1935.2982761894118,792335.3084493403,1.192083642753075,0.0006903074700843614,0.043716790609875426
2023-01-10 15:00:00+00:00,1935.1398933510868,1936.696658014675,1927.2565521249458,1928.9025065844671,5218.043060251438,10065096.338384682,3204.323585252481,2568.5535083975965,9.716018470040284e-05,1928.2941768039325,1928.7601763047646,791269.3591301586,0.916797929449732,-0.0032232226662530783,0.1063904022469411
2023-01-10 16:00:00+00:00,1928.9025065844671,1932.5593008640587,1927.6543936833664,1931.4736197324764,9068.995429012184,17516525.428611446,3665.923205233601,3263.5609295608674,2.8484334820542487e-05,1931.3863698978969,1931.5677898439126,787917.5642430347,1.072239215036005,0.0013329409543678672,0.031190346628494025
2023-01-10 17:00:00+00:00,1931.4736197324764,1934.1885303889935,1930.6473200348955,1933.9221478759416,4460.6777858909145,8626603.564672656,1954.1026052653742,1918.493641981443,0.00010346795182355726,1933.681979504111,1933.887477057562,789162.8777573929,0.9543649871313729,0.001267699500759667,0.1132974072467952
2023-01-10 18:00:00+00:00,1933.9221478759416,1950.4679568900556,1933.5407004882234,1949.4115487233253,7749.237880203973,15106453.817473885,4763.237384609561,4948.707521249551,-1.8332860871437528e-05,1949.0509480435958,1949.441837573127,787760.2054082382,1.003970746640614,0.008009319746607124,-0.020074482654224093
2023-01-10 19:00:00+00:00,1949.4115487233253,1950.638749961582,1938.1671827564162,1938.3730440675947,6757.739411903621,13099019.91486718,3509.597350483406,2420.7876429252115,2.0698185213150244e-05,1938.2139420365343,1938.3841702560662,788474.210865809,1.0071714885873586,-0.005662480384380442,0.022664512808399515
2023-01-10 20:00:00+00:00,1938.3730440675947,1945.9134308412702,1938.172082558349,1945.0803678381092,3981.255995041201,7743862.875292417,4558.681025190372,2270.1819025388313,2.00917421657237e-05,1945.0445184223329,1945.2260607564729,789221.7811743927,1.1211709308968,0.0034602853104268583,0.022000457671467452
2023-01-10 21:00:00+00:00,1945.0803678381092,1946.7606515537984,1943.5276858390725,1944.2064898164965,5786.055561044045,11249286.772220662,2012.2226644134676,2852.0149325052757,6.932528620481101e-05,1944.1288120237793,1943.8923663178937,791628.9951251624,0.9251188955657541,-0.0004492760484667846,0.07591118839426805
2023-01-10 22:00:00+00:00,1944.2064898164965,1944.9648186133743,1943.1283661300158,1943.9198299429195,6454.358893492012,12546756.242627561,4926.001098543759,3627.845538812727,8.226301884891392e-05,1943.495666447436,1943.9700735432825,793718.0559635968,0.9571929832702527,-0.0001474431214372185,0.09007800563956074
2023-01-10 23:00:00+00:00,1943.9198299429195,1944.9129534537765,1930.683585964215,1932.4686268813261,5831.433316798649,11269061.934463901,1242.8646091920532,2622.68961526595,-4.5472217905911625e-05,1932.3285761894551,1932.237581142423,792567.9967618776,0.8725638382025837,-0.005890779488539666,-0.04979207860697323
2023-01-11 00:00:00+00:00,1932.4686268813261,1932.689205345959,1927.7006647854605,1928.7349053066853,1996.4716827064854,3850664.6218923717,3027.466158487257,920.4560803700266,-1.5755881290561236e-05,1929.318106395973,1928.9211156869349,792235.2275916892,1.03897593309732,-0.0019320994518118306,-0.017252690013164554
2023-01-11 01:00:00+00:00,1928.7349053066853,1935.3825592245153,1926.8242411308481,1934.2924871468158,9923.055319966457,19194091.35495336,1263.9841488010795,5011.480001879641,4.684262393882311e-05,1933.9865145199972,1933.987218159591,789654.4154431154,0.9633414552106079,0.0028814648528625586,0.0512926732130113
2023-01-11 02:00:00+00:00,1934.2924871468158,1935.7750218397298,1932.0838690789014,1933.4776902497138,9699.441324755206,18753653.40930032,1597.1088017615252,6041.757945300462,-2.934682294290741e-06,1932.9883967544183,1933.3224270749154,793009.0807573912,1.0337573634130304,-0.0004212376889825009,-0.003213477112248362
2023-01-11 03:00:00+00:00,1933.4776902497138,1935.3421851446499,1933.1948329674908,1933.9279842122178,1337.2703157424335,2586184.4860706003,4009.4329572717597,599.7878061298452,-4.612138878238215e-05,1934.0078288182433,1933.6690112715125,793892.3351869755,0.9141387371744548,0.00023289328073183846,-0.050502920716708456
2023-01-11 04:00:00+00:00,1933.9279842122178,1934.4249666403423,1930.4332526437577,1931.5024692880731,9498.518239686453,18346411.434532184,1077.5991300689464,3569.1551216759312,8.192399860117397e-05,1931.6753276029524,1931.755764373924,796681.1726315018,0.9712493103886579,-0.001254190923315468,0.08970677846828548
2023-01-11 05:00:00+00:00,1931.5024692880731,1942.170758398742,1931.1946447272612,1940.2462936375807,5783.399613758191,11221219.665219346,2407.3833160590016,2090.565914153367,5.469850420768241e-05,1940.381347614957,1940.046215669073,796043.1802651688,1.0831143243986414,0.0045269547870319116,0.05989486210741224
2023-01-11 06:00:00+00:00,1940.2462936375807,1941.6431431979056,1939.826404741575,1939.9024539207553,2131.3405391070924,4134592.741954634,1604.953473686188,1309.6457261901855,5.465887484303736e-05,1939.5766325014322,1939.9201325628346,791944.8914112432,0.9860544628722341,-0.00017721446908725014,0.05985146795312591
2023-01-11 07:00:00+00:00,1939.9024539207553,1940.7244922830002,1920.836353554329,1922.6509268285265,8385.121521240912,16121661.664383663,4371.139894550914,3724.006086457803,6.227714177695229e-06,1922.9387750484884,1922.568515449097,795008.316726038,1.0500511301213709,-0.008892986890841614,0.006819347024576276
2023-01-11 08:00:00+00:00,1922.6509268285265,1923.448651090054,1916.5051687542511,1917.1528865465893,4896.6857957508655,9387695.307835454,1145.9770889880513,1889.4240557851974,8.144692260836605e-05,1916.9270462657755,1916.8768529715035,795194.5519435797,1.0422661246116531,-0.002859614402811239,0.08918438025616082
2023-01-11 09:00:00+00:00,1917.1528865465893,1918.6469724019223,1901.519297891746,1901.8798676980489,7418.715990362173,14109506.58623941,2213.62294517868,3923.95748907023,1.800200017864399e-05,1901.5561078959522,1901.8285491982617,795460.9221506856,0.971746185203692,-0.007966510629234258,0.01971219019561517
2023-01-11 10:00:00+00:00,1901.8798676980489,1902.2139944145665,1876.7797390337555,1876.970798984927,8445.009863488442,15851036.910907488,4396.223857535199,5096.2983551614125,8.482176389114761e-05,1876.7994848034998,1877.0703137619926,795571.8484806796,0.8752203253436127,-0.013097077862899265,0.09287983146080664
2023-01-11 11:00:00+00:00,1876.970798984927,1878.1713609606447,1871.5980002224621,1872.8193420001066,5842.35674485843,10941678.71463565,3685.0384262126936,3095.6556808378746,-1.5583257547131113e-05,1872.7888055383858,1872.7917338983198,796861.1967276369,1.0788320034987313,-0.0022117856000025693,-0.01706366701410857
2023-01-11 12:00:00+00:00,1872.8193420001066,1883.9916897829032,1871.9556931645927,1882.6383749941924,1446.9876373744414,2724154.4542633044,3753.978253789618,572.3031475409549,-1.2706772384190047e-05,1882.8400313830518,1882.7801120589572,797927.4632963883,1.01365658978522,0.005242915199497711,-0.0139139157606881
2023-01-11 13:00:00+00:00,1882.6383749941924,1883.793459502418,1882.6163934293634,1882.8212835230177,8402.237315284938,15819911.24642978,4962.990967820689,3963.501404469028,4.023316052988482e-05,1882.9974680988296,1882.7667683507075,794746.3901940564,1.078662407184393,9.715542360910767e-05,0.04405531078022388
2023-01-11 14:00:00+00:00,1882.8212835230177,1884.465360069947,1872.47844026149,1873.8185603186148,7246.344922449898,13578335.610157173,898.366752865255,3115.5427523731814,-5.116607289852937e-06,1873.8122363858593,1873.8195884394981,796920.1771043211,0.8389849251737369,-0.00478150703053315,-0.0056026849823889655
2023-01-11 15:00:00+00:00,1873.8185603186148,1874.6966991158936,1866.1175151500777,1866.5966318450296,9191.273006000407,17156399.2353685,3592.236543870442,3262.640957161889,6.377255326844152e-05,1866.8578356002386,1866.5391707203744,795862.2696209382,0.867631254873866,-0.0038541236737228424,0.06983094582894346
2023-01-11 16:00:00+00:00,1866.5966318450296,1875.7393742161667,1865.1396449291688,1874.8677617892154,3431.2338186372494,6433109.669723882,3928.8217287788702,2194.9794716073006,4.300438720645268e-05,1874.8906791153286,1874.9192934008518,794928.1735285309,0.8285818013724188,0.004431128720086885,0.04708980399106569
2023-01-11 17:00:00+00:00,1874.8677617892154,1876.4126817292436,1873.9516905776268,1875.87865728749,8066.541972810658,15131853.924909238,3942.330586964548,3934.5772642109537,-1.614856089315493e-05,1876.1307708498518,1876.163627536898,798383.0310147052,0.929852987116051,0.0005391822926805734,-0.017682674178004648
2023-01-11 18:00:00+00:00,1875.87865728749,1877.7923104272002,1874.8739722982823,1876.0675071793519,8858.058650980098,16618316.011792725,3798.8901418392,3458.332830149449,3.3643280047255015e-05,1875.6724442848092,1876.121874203364,800224.1482304666,1.0833559921602895,0.00010067276533498593,0.03683939165174424
2023-01-11 19:00:00+00:00,1876.0675071793519,1876.6608506760026,1874.6375127334238,1875.49498511374,4195.459915520787,7868564.031804952,1103.2924519174433,2582.1867978886494,1.2436115590631667e-05,1875.0521317993846,1875.5241590029948,799547.7771245808,1.0452793588794331,-0.0003051713562656211,0.013617546571741676
2023-01-11 20:00:00+00:00,1875.49498511374,1876.9158440175383,1874.2271844292782,1875.6117850248042,4691.692086143598,8799792.968478542,1152.541516812449,3028.670071952117,7.579164145885236e-05,1875.830027586538,1875.518992558793,795834.9928431,0.9972676833571361,6.227684530824007e-05,0.08299184739744334
2023-01-11 21:00:00+00:00,1875.6117850248042,1882.2532001652746,1873.754844630397,1881.4830095698467,4005.8872171988382,7537008.737412648,4045.768370908957,2382.708627104602,-1.6276491589102156e-06,1881.0906970942035,1881.3692956898392,796158.2673842924,1.0104992236213202,0.0031302983868619627,-0.001782275829006686
2023-01-11 22:00:00+00:00,1881.4830095698467,1887.2334824850832,1879.981825775599,1885.4697685639435,1051.5479302012266,1982661.8325904005,3369.435884543176,448.05802509094025,8.041345226356001e-06,1885.3844927633727,1885.6906052365227,797235.5790280033,1.0608630570105144,0.0021189449885110623,0.008805273022859822
2023-01-11 23:00:00+00:00,1885.4697685639435,1888.7131259653866,1885.33947909962,1886.924398307317,3084.016548465794,5819306.0700836275,1903.2312629719634,1255.6969996560442,9.056184526881673e-05,1886.8966314358693,1886.7565015175524,797074.5080103108,0.9758279699007025,0.0007714945991850186,0.09916522056935434
2023-01-12 00:00:00+00:00,1886.924398307317,1886.9810725211148,1877.951147060948,1878.8808214518208,3983.827097207896,7485136.328923994,839.0196536706613,2021.926467311443,0.00014192966946212566,1878.7433012303732,1878.7435666754952,794582.4298913972,1.031685516023845,-0.004262797631273241,0.1554129880610276
2023-01-12 01:00:00+00:00,1878.8808214518208,1884.4227437080071,1878.4406229286105,1882.5504839864495,1975.63424320381,3719231.2007235354,3040.5235485099506,1037.304995708216,0.0001299504332113968,1882.422426462178,1882.5358074484247,793001.0539606923,1.011196365810607,0.0019531108587256263,0.1422957243664795
2023-01-12 02:00:00+00:00,1882.5504839864495,1883.689306725846,1877.0338169304487,1877.2260428964564,7890.006215344323,14811325.146059271,1179.7798436260896,4840.680026424917,3.316115058303041e-05,1877.6181841192522,1877.1620204128023,790490.6117486942,0.8250365886771277,-0.00282831251288318,0.0363114598884183
2023-01-12 03:00:00+00:00,1877.2260428964564,1885.4074226916944,1876.859654291048,1885.2681890869956,4842.573552272765,9129549.871413855,3943.2034210529196,3100.084270842354,4.0942735353411215e-05,1884.5528424987392,1885.5632243663947,790921.4048142805,0.969213694285601,0.004284058502688648,0.04483229521198528
2023-01-12 04:00:00+00:00,1885.2681890869956,1886.2052254787022,1875.045590619218,1875.5109317524825,6113.928572650862,11466739.873960545,2231.0320412117658,3809.687306198207,0.00010667293311413302,1875.759588952114,1875.1559002448296,792560.2387206991,1.1087005027057717,-0.005175527487809695,0.11680686175997565
2023-01-12 05:00:00+00:00,1875.5109317524825,1875.6037169163026,1872.5083885718022,1874.307213633563,3561.4595474963344,6675269.320936505,4191.410081292419,1612.0013201002403,2.377825968776844e-05,1874.9524923453573,1874.3613979247418,794611.0366768707,0.9683311512743551,-0.0006418081060155512,0.02603719435810644
2023-01-12 06:00:00+00:00,1874.307213633563,1875.3360092721573,1872.684940583052,1874.0808772687092,4243.134756612287,7951977.7070413055,1201.3341310524092,2230.530196605506,-1.881745685686832e-05,1874.0875071748028,1874.1877314312042,793146.580897439,0.988552850692132,-0.00012075734607830402,-0.02060511525827081
2023-01-12 07:00:00+00:00,1874.0808772687092,1874.4284339804167,1862.3898393588158,1863.9797567476608,7780.45644186294,14502613.305889452,2874.699522758906,3012.2575666718976,3.584377987181492e-05,1863.9744514524614,1863.8126705592613,793616.6314638482,0.951450707728539,-0.005389906403489797,0.03924893895963734
2023-01-12 08:00:00+00:00,1863.9797567476608,1877.3389060813186,1862.6771660332238,1876.6484114292252,5228.36172445566,9811796.724577079,1219.0129178014533,2643.788860887767,5.257583902660658e-05,1876.8528828191825,1876.5516398579,794724.7710514434,0.9612294275619835,0.00679656237451276,0.05757054373413421
2023-01-12 09:00:00+00:00,1876.6484114292252,1888.0148112709828,1876.056039615884,1887.439708171929,6368.698193557131,12020533.859882563,4077.5125235080045,2364.258204606377,-1.1457480890912409e-05,1887.95748607398,1887.505030190017,793702.4727747386,1.0899209751827634,0.005750302868124946,-0.012545941575549087
2023-01-12 10:00:00+00:00,1887.439708171929,1888.5763470423058,1883.0306418733217,1883.7673936499093,4804.124635372818,9049853.343145575,3151.929030486139,1841.8487414862902,-5.231155707495759e-05,1883.4316924690477,1884.012963541542,793405.4580048381,0.9785531215289807,-0.0019456592473496848,-0.05728115499707856
2023-01-12 11:00:00+00:00,1883.7673936499093,1890.9641119974535,1882.9372522206004,1889.4103327726975,6013.313858536324,11361617.33852379,1785.6878024918092,2324.6436673130975,-4.183647572770506e-05,1889.4351849426316,1889.271194574458,797653.1907683131,0.9182440732466399,0.0029955604613447484,-0.04581094092183704
2023-01-12 12:00:00+00:00,1889.4103327726975,1893.8717024517891,1888.8559657740414,1892.0996817990945,9076.224551589714,17173121.586000025,4843.982715195596,3997.438935857732,6.327146420861645e-05,1892.0468307649755,1891.8606381242148,798063.4367952733,0.7510909330543716,0.0014233800777676553,0.06928225330843502
2023-01-12 13:00:00+00:00,1892.0996817990945,1892.7219140734776,1871.3574250507302,1872.1464271917716,3406.6153871806723,6377682.82592681,3664.3788416360912,1508.8031953028456,-7.918825815592185e-06,1872.3035137406027,1872.292075627737,799829.3546432913,0.9541837239030224,-0.010545562054294244,-0.008671114268073443
2023-01-12 14:00:00+00:00,1872.1464271917716,1874.9180957556214,1870.702652565987,1873.8505819215156,5671.557676534171,10627651.652574996,2212.636742402061,3184.6482934328887,2.2932645381444304e-05,1873.8953257340763,1874.0790032968716,798959.6860717984,0.8426546553830073,0.0009102678641970119,0.025111246692681513
2023-01-12 15:00:00+00:00,1873.8505819215156,1873.861636083872,1873.077846308986,1873.219655455719,7185.034968341875,13459148.72783466,4392.396099498989,2678.653720299323,4.0627934216891925e-05,1873.40500673305,1873.1694484347488,799043.200954611,0.8541000405172592,-0.00033670052024614705,0.04448758796749666
2023-01-12 16:00:00+00:00,1873.219655455719,1874.3694351292227,1872.7015700652978,1873.6721226963634,1781.1054005526862,3337207.536599508,2395.9256540141846,682.7747054923707,6.0957043954735494e-05,1873.5536224860432,1873.3402898510774,795614.5431366158,1.0636142461301243,0.00024154521298491716,0.06674796313043536
2023-01-12 17:00:00+00:00,1873.6721226963634,1875.4721666681842,1864.5365794231489,1865.4301690193408,9658.068277970891,18016451.940175574,4758.352995449641,5281.960682679459,1.3254860064326294e-05,1865.4438805342427,1865.6468371619053,795564.4035014467,1.0566940452592546,-0.004398823880221725,0.014514071770437292
2023-01-12 18:00:00+00:00,1865.4301690193408,1865.6518540373372,1861.9900419564801,1863.2500176759725,5488.819660531268,10227043.32950511,2047.886196665301,3028.9320527703535,5.493578502403009e-05,1863.062665358151,1863.220424735904,797948.9594334954,0.8466229868857417,-0.0011687123857948567,0.06015468460131295
2023-01-12 19:00:00+00:00,1863.2500176759725,1864.8707242942698,1860.548737215224,1861.7512952809147,3208.0349826999604,5972563.284348139,4934.316982151591,1806.5441892828069,-1.4503014606042148e-05,1861.5657837250656,1861.9186888067784,802146.7565903933,1.0681183577073332,-0.0008043592544424438,-0.015880800993616155
2023-01-12 20:00:00+00:00,1861.7512952809147,1871.6494807760928,1860.401552460337,1870.429016122817,7843.877043818533,14671415.22165785,1062.4287979934704,4439.961987553061,1.1914298716099407e-05,1870.3893050890772,1870.422509743127,804540.0386458869,1.0367486780203758,0.004661052667936039,0.013046157094128851
2023-01-12 21:00:00+00:00,1870.429016122817,1873.3106815024273,1870.2321308302146,1872.760288997683,8340.228137053491,15619248.056254903,3885.1973533940977,4577.761516800751,-2.1220779389393536e-05,1872.7203964210512,1872.7040093229245,805913.7505435565,0.937314501032044,0.0012463840406509163,-0.023236753431385922
2023-01-12 22:00:00+00:00,1872.760288997683,1874.21759791631,1872.2091792993554,1872.5476477009172,6675.577556373291,12500337.050231844,2023.8839197354914,3443.116581172547,8.658836081809584e-05,1872.2183179498934,1872.479949457783,806019.6792126611,1.058750473407611,-0.00011354432172394624,0.09481425509581494
2023-01-12 23:00:00+00:00,1872.5476477009172,1884.3738720818737,1871.969067466928,1883.8289154752927,9245.46495803341,17416874.2249569,2580.3890144007123,5292.184066050271,2.864583859665044e-05,1884.2725736813818,1884.0509729417042,804819.7409579383,0.8698685868334824,0.006024555790730579,0.03136719326333223
2023-01-13 00:00:00+00:00,1883.8289154752927,1885.5145939560923,1878.9434834730223,1879.4729078835435,1800.1962406454008,3383420.063166835,3471.9788798411805,674.0985161048104,-6.965374381514977e-06,1879.4348248503654,1879.6885888687177,804499.1979116212,0.9036456197715522,-0.0023123159199678334,-0.007627084947758899
2023-01-13 01:00:00+00:00,1879.4729078835435,1879.6284514770982,1874.9558007231287,1876.3735716920046,5748.386399245168,10786120.319417397,992.4863551339714,2377.207069614638,1.2381410096742674e-05,1875.9841207606055,1876.0526593300103,805724.8699689796,0.8848249089126767,-0.0016490454204147742,0.01355764405593323
2023-01-13 02:00:00+00:00,1876.3735716920046,1876.5968471158749,1860.716448496966,1862.5665690168926,7686.010763873253,14315706.69789431,1738.8662700286343,4399.749246130733,1.8913575963836253e-05,1862.8743212429172,1862.4270620386555,804154.5841043491,0.9110797021270706,-0.007358344246269466,0.0207103656804007
2023-01-13 03:00:00+00:00,1862.5665690168926,1875.492315857436,1861.2942225230847,1874.0867279834765,9251.363201125992,17337856.990984954,1236.8707611824886,3772.388026750778,6.502598956625048e-05,1873.8763759481,1874.3531599711732,806020.8341313018,1.0702951044406601,0.0061850991842211656,0.07120345857504429
2023-01-13 04:00:00+00:00,1874.0867279834765,1881.9895177961585,1874.0247960632007,1881.1445484809935,6773.021037765231,12741031.601939145,3906.511395013455,3448.9964890184915,-4.97818089092618e-05,1881.2879710802858,1881.0892739147032,804052.6020818198,0.8933096695145917,0.0037660052718644366,-0.05451108075564167
2023-01-13 05:00:00+00:00,1881.1445484809935,1888.150041119429,1880.584730431635,1887.8716492611757,6420.806554610187,12121658.6598389,1729.214937047969,2748.6857592788165,-2.1860292081270954e-05,1887.866830381021,1887.6661773277117,800494.114267593,0.9078961491563652,0.0035760679771335013,-0.023937019828991695
2023-01-13 06:00:00+00:00,1887.8716492611757,1893.722221049325,1886.3556368829056,1892.7504185445082,4494.05211688262,8506119.025190411,2892.996016986498,2154.3699650115723,1.1094637422125146e-05,1892.8215716398045,1892.7510947466026,798469.9162198901,0.9238641403758372,0.0025842695848745656,0.012148627977227034
2023-01-13 07:00:00+00:00,1892.7504185445082,1893.9737845204208,1891.0008734773137,1893.4114997666165,6144.490283656087,11634048.563278675,2179.7563274122754,3688.251002929325,0.00015661529163839033,1893.4600717603084,1893.395085131414,795139.1549544022,1.015637098274402,0.00034927014974162063,0.1714937443440374
2023-01-13 08:00:00+00:00,1893.4114997666165,1895.9115038095656,1892.2850861457857,1894.8706224164816,5993.17207440861,11356285.698883718,1791.6904512056678,3285.4090205165394,7.778394462659973e-05,1894.7071421378844,1894.8558659166724,792394.4834334281,0.9728244583910475,0.0007706315558160259,0.0851734193661267
2023-01-13 09:00:00+00:00,1894.8706224164816,1896.279864081479,1892.1272483844307,1892.7874953328437,9145.224895775867,17309967.32473117,4727.746755455374,4422.233646292262,2.442741604345282e-05,1892.799120725895,1892.7148784825697,794658.7502527102,1.0689871572467426,-0.001099350561982626,0.026748020567580837
2023-01-13 10:00:00+00:00,1892.7874953328437,1894.409310158073,1890.4015939324076,1891.0731486679226,8443.910857643208,15968053.0926346,2931.4770527321625,3648.2671758875103,6.559997912054197e-05,1891.6498575366563,1891.026238405621,794258.446484887,0.9430911612059513,-0.0009057259038049992,0.07183197713699346
2023-01-13 11:00:00+00:00,1891.0731486679226,1891.4228040101395,1889.8752686192536,1891.3112163317019,7634.759414036728,14439706.113761716,3531.9748033643787,4516.002377483505,0.0001328718084815168,1890.6764149768924,1891.242235255567,794695.6070208307,0.8968457840674683,0.00012589024594156228,0.1454946302872609
2023-01-13 12:00:00+00:00,1891.3112163317019,1903.7028541930756,1889.6767629027763,1902.5758542958,9314.06360744466,17720712.52489944,3758.4085576672787,5095.78716900183,1.8312803661230497e-05,1902.594677555589,1902.6266769136544,797011.8341416768,0.9596685457785626,0.005955993845341956,0.020052520009047396
2023-01-13 13:00:00+00:00,1902.5758542958,1908.5065444386933,1901.927396769411,1906.6310566142467,1595.462707769083,3041958.7483023936,4248.835301255799,768.9885373016323,1.1679332795121992e-05,1906.755458991957,1906.507089008469,799530.0375054945,1.0027884321127645,0.0021314274063188865,0.012788869410658581
2023-01-13 14:00:00+00:00,1906.6310566142467,1907.5077206733254,1905.6476148190866,1906.0110874911834,7926.558464382051,15108108.318759277,1905.5209346672075,4841.396921673184,9.059717716109478e-05,1905.7102413144721,1905.9669222715956,798520.8461809658,0.9252713562421229,-0.00032516470394872155,0.09920390899139878
2023-01-13 15:00:00+00:00,1906.0110874911834,1907.477889690399,1901.4144059413586,1901.419711863089,5172.549868179575,9835188.279951468,1130.0978809861683,2884.928383464251,5.4708774906647136e-05,1901.028870845312,1901.3977962674905,801177.9754657362,1.021919300668212,-0.002408892402686824,0.05990610852277861
2023-01-13 16:00:00+00:00,1901.419711863089,1901.6046452031364,1896.1557696839282,1896.4164716634316,7766.243178012974,14728031.48572756,2762.4321552487268,5002.805415623611,6.356665776612784e-05,1897.030602217996,1896.6145699484343,801947.1709832374,1.1449079199103185,-0.002631318150559836,0.06960549025390998
2023-01-13 17:00:00+00:00,1896.4164716634316,1910.0678708658002,1894.8022649697218,1908.4008676741785,3665.597542811633,6995429.531246057,1514.0257550452359,2013.5710553136748,4.588880035970972e-06,1908.294520966877,1908.4578771247625,801953.8241383805,0.9529419530879658,0.006319495843776668,0.0050248236393882146
2023-01-13 18:00:00+00:00,1908.4008676741785,1913.2073744378874,1907.2089097472979,1912.0944344540217,5206.044507473989,9954448.728260944,885.8140158861626,3227.593551236578,0.00012621015661713712,1912.6907197156854,1912.077653870412,802838.0219792695,1.0029032262838133,0.0019354250159950848,0.13820012149576516
2023-01-13 19:00:00+00:00,1912.0944344540217,1914.1352130527173,1910.200242394613,1912.4364661440845,8421.316502209262,16105232.771765944,4662.674059508263,4338.011891576083,0.00011547954007968301,1912.5901581378594,1912.5185001783075,799986.7687407377,1.1074642992938488,0.00017887803232929933,0.1264500963872529
2023-01-13 20:00:00+00:00,1912.4364661440845,1913.941779141084,1909.480966115378,1909.6136112966174,1316.6218771511883,2514239.057538812,3431.6605064234577,741.2586056440977,5.8297389443637496e-05,1909.6354212974043,1909.6756536172904,798414.5664312256,0.9473756833829761,-0.0014760515695241283,0.06383564144078305
2023-01-13 21:00:00+00:00,1909.6136112966174,1911.2735234011404,1900.2719781304415,1900.9677633969595,3620.1389152319202,6881767.376874719,2540.3318924156742,2181.964430735775,6.421449190736188e-05,1901.1034840869193,1901.1331985165016,798198.2815398192,0.9313553180175153,-0.004527537847715313,0.07031486863856126
2023-01-13 22:00:00+00:00,1900.9677633969595,1901.0766810198766,1898.773677479716,1900.2857523735624,5396.156153720664,10254238.656498302,1373.069373213373,2035.0908930076762,-7.136304361215179e-05,1900.4667561436643,1900.3627539608406,799417.6968023524,0.9115542575025215,-0.0003587704307927986,-0.07814253275530621
2023-01-13 23:00:00+00:00,1900.2857523735624,1908.1173377031864,1899.0292713392341,1906.7530099571218,8663.519469763585,16519191.825793844,3997.2441332688018,4264.764616030975,6.188548967486041e-05,1907.0904066293047,1907.026653526589,798673.6347030129,1.0308227333820807,0.0034033079369675256,0.06776461119397216
2023-01-14 00:00:00+00:00,1906.7530099571218,1907.128603896396,1903.4580775594281,1903.5849909544381,3430.298751586223,6529865.21800928,3038.622034072317,1823.8239632264447,2.0294570638733846e-05,1903.7094328297842,1903.7897583806766,798418.9971869085,1.0400648083695911,-0.0016614731882630407,0.02222255484941356
2023-01-14 01:00:00+00:00,1903.5849909544381,1904.0909835321158,1900.9174345375914,1901.6808452950463,8407.669639332262,15988704.306686873,1532.0380023227024,3088.4317909236415,5.1695285291411106e-05,1901.7220957840836,1901.6746075674923,800357.8663748548,0.98694538398057,-0.0010002945329155022,0.05660633739409516
2023-01-14 02:00:00+00:00,1901.6808452950463,1902.2984786759323,1898.614437737384,1899.8258286423227,3200.8999889565757,6081152.473920628,4925.541660454259,1878.183186465379,6.41229705923049e-05,1899.8760659790134,1899.7628289524148,803181.2696220203,1.002126756841138,-0.0009754616066692812,0.07021465279857388
2023-01-14 03:00:00+00:00,1899.8258286423227,1901.608954136182,1898.5192150917235,1900.4851694106344,3728.358518819468,7085690.0712621985,4793.421781794706,2105.269124226956,1.2935411594586231e-05,1900.8705630934755,1900.6193521402795,804715.5357167397,1.1005678458357517,0.0003470532710796448,0.014164275696071923
2023-01-14 04:00:00+00:00,1900.4851694106344,1901.6784097711632,1887.3487508111753,1888.2016349221271,5984.362820883631,11299683.662359664,4693.992663272062,3775.3594453379355,-5.452409000935422e-05,1888.4330250377036,1888.2796749048157,807252.3798576512,1.0679719013948996,-0.006463367715895729,-0.059703878560242875
2023-01-14 05:00:00+00:00,1888.2016349221271,1889.9603862598954,1885.8963468574996,1886.2512782045012,6885.146828207688,12987117.005332418,4271.926782478047,3178.260115253991,4.8393728253711745e-05,1885.9677685391398,1886.2370077378712,806443.6601795532,0.8863814597036674,-0.0010329176087734426,0.052991132437814364
2023-01-14 06:00:00+00:00,1886.2512782045012,1886.2752682868852,1877.8170108434076,1879.632599260956,8920.629944268916,16767506.8491913,3032.6528883649776,4377.771484633779,-7.0691826220197535e-06,1879.4533869697025,1879.4105091612578,805830.7900205677,0.9976402710455139,-0.0035089062735296217,-0.00774075497111163
2023-01-14 07:00:00+00:00,1879.632599260956,1886.4765693567147,1878.7557490100912,1886.11172277191,8915.203629480646,16815070.076462127,2061.8924040215165,5559.238810560309,1.3490295363783029e-05,1886.205297157068,1885.835237829147,806467.4973019097,1.0067336092262715,0.0034470159293371605,0.014771873423342418
2023-01-14 08:00:00+00:00,1886.11172277191,1886.7944999619588,1878.7770384125186,1880.1257343363088,3251.455751459839,6113145.632375445,3537.174776427106,1539.3927079450787,-2.2549220470972588e-07,1879.9500587741845,1880.1781159253778,805865.3527645507,1.0558362520526245,-0.0031737189071726624,-0.00024691396415714987
2023-01-14 09:00:00+00:00,1880.1257343363088,1885.8350802616715,1879.1201916890477,1884.2937151140645,7710.419503485297,14528695.011310251,1435.6635455278165,4628.607554267301,1.2921287237240598e-05,1884.1873032953936,1884.409914572957,804851.0935191446,0.9802832380307396,0.0022168627882894754,0.014148809524778455
2023-01-14 10:00:00+00:00,1884.2937151140645,1896.6539985187972,1884.141665500676,1895.611585141276,6714.937191742583,12728912.734163268,3390.6132092112884,3199.148256748148,-8.547604786329709e-05,1895.3397773062404,1895.7334252698972,808155.3821864986,0.946447951581261,0.006006425609993871,-0.0935962724103103
2023-01-14 11:00:00+00:00,1895.611585141276,1896.5821204578851,1892.6125688953807,1893.0606431042513,4475.291796175034,8471998.76574629,1077.4831164556267,2019.8219588051563,9.084735636157587e-05,1892.9863472342647,1892.865707567745,807753.0203370588,0.9613584692551236,-0.0013457092460397169,0.09947785521592557
2023-01-14 12:00:00+00:00,1893.0606431042513,1894.4997211070445,1888.2134667162102,1888.3324795468552,7984.376789310582,15077158.02019521,857.058215534295,3458.642432092422,4.26673051163237e-05,1888.452472021676,1888.4891875524668,805820.9920796532,0.855692151683854,-0.002497629209407104,0.046720699102374454
2023-01-14 13:00:00+00:00,1888.3324795468552,1890.843783955667,1887.972227949546,1889.6059801022652,9077.67435006787,17153227.73730919,3805.1680594449736,3758.594580377029,8.55699631459432e-05,1889.8880496034892,1889.5252323536401,806795.7871836844,0.9958276783300825,0.0006744048355911136,0.09369910964480782
2023-01-14 14:00:00+00:00,1889.6059801022652,1890.1536933782852,1889.0398405974408,1889.4180770952762,5312.751160653742,10038008.08204809,2239.385123658132,2547.088421848116,0.0001289920914904968,1889.4206932633622,1889.476788346858,810467.37690377,0.9500778610019378,-9.944031134934139e-05,0.14124634018209398
2023-01-14 15:00:00+00:00,1889.4180770952762,1889.5826764353098,1880.9554428569973,1881.7361007457505,9244.948104672292,17396552.598082855,3728.4540495786223,3683.8750443278345,3.112965612813754e-05,1882.3217487764034,1881.7988290019573,810628.9951917683,1.0350667096771455,-0.00406578959027204,0.0340869734603106
2023-01-14 16:00:00+00:00,1881.7361007457505,1885.9050312691775,1881.13075087296,1885.0335675163506,2148.586803716664,4050158.2477285755,4075.7767630012045,1285.7049263344481,-6.012181279202878e-05,1885.0119612463152,1884.9125504068686,813091.741097695,0.9155798868001186,0.0017523534619403591,-0.06583338500727151
2023-01-14 17:00:00+00:00,1885.0335675163506,1901.7310478022425,1884.35014261908,1900.0586799987796,2495.716189535333,4742007.208740088,4308.275409519053,1603.0711658477608,-1.4694342518979237e-05,1900.968833706843,1899.968795815418,812216.0457382443,0.9627349825072801,0.007970740012988475,-0.016090305058282267
2023-01-14 18:00:00+00:00,1900.0586799987796,1901.1951831067106,1896.3730575988764,1897.9234469100745,7877.809751056829,14951479.836827572,3386.4831778786142,2987.5165682869574,-3.034522404483551e-05,1898.208605757907,1897.608687277431,811233.4175383323,0.9192608709530427,-0.0011237721819762347,-0.03322802032909489
2023-01-14 19:00:00+00:00,1897.9234469100745,1898.0245854747357,1896.1694436800467,1896.2099466105667,3749.9651745746755,7110721.26347173,4356.296538952425,1374.1588929004113,4.906267842750051e-06,1896.3512301129556,1896.0708800072623,809853.7754321238,0.912198313906992,-0.0009028289851719107,0.005372363287811306
2023-01-14 20:00:00+00:00,1896.2099466105667,1897.0444250859543,1887.9159126457714,1888.1111347659346,6268.29265167923,11835233.15160704,3567.2530900167744,2200.9310300861175,3.3982398903298876e-05,1887.9698001189395,1887.8388627873128,809566.9545179734,1.0533850728125123,-0.004271052295189426,0.03721072679911227
2023-01-14 21:00:00+00:00,1888.1111347659346,1891.0756532747341,1886.58591290363,1890.348602359735,5473.639961055668,10347087.650201976,4694.577842016931,3446.307594724863,-7.010936335116195e-05,1889.5477106112055,1890.4147429551113,813239.6485260061,0.9601431021417065,0.001185029605832888,-0.07676975286952234
2023-01-14 22:00:00+00:00,1890.348602359735,1891.4495885371282,1879.7428354316348,1880.7470887299694,2312.068955775047,4348416.95751686,4566.7690250744945,860.4163565824982,4.712377466707761e-05,1880.7033242306406,1880.7563295048558,810928.6581714364,1.0328124153402187,-0.005079229099743787,0.05160053326044999
2023-01-14 23:00:00+00:00,1880.7470887299694,1881.8513256183219,1871.4261919680418,1872.2479017990754,7788.102941848122,14581259.391870353,981.7835365375576,4315.029508968051,-4.55178326642939e-05,1872.2979521232276,1872.384808364552,814203.1358317883,0.9076780904126763,-0.004519048298319173,-0.04984202676740182
2023-01-15 00:00:00+00:00,1872.2479017990754,1883.4504214582366,1871.7474175931043,1881.660337714374,7672.892867918694,14437778.185094101,1924.119821882061,3384.9042356766104,4.486826314000057e-05,1882.2029483064055,1881.7140090243859,812186.2406648729,1.004920994549098,0.0050273448864619485,0.04913074813830063
2023-01-15 01:00:00+00:00,1881.660337714374,1882.2965155083857,1873.6568028765564,1874.673476149542,2306.8307979029137,4324554.510793476,2433.069703515436,944.5692948008661,2.452544274115093e-05,1874.2854891664867,1874.5782790728324,811718.6177978577,0.8619734772985307,-0.003713136438491804,0.02685535980156027
2023-01-15 02:00:00+00:00,1874.673476149542,1883.3793275935718,1874.2581170277927,1882.6110425061954,3337.944774871156,6284051.692448295,1859.2362543776612,1414.9573099707798,1.4318438040371124e-05,1883.1492489131977,1882.6631834621398,813390.2006787627,0.9587730901280817,0.00423410607641217,0.01567868965420638
2023-01-15 03:00:00+00:00,1882.6110425061954,1895.0801525662166,1880.9950831510141,1893.918207399725,8205.262186711123,15540095.451900676,1542.943519061192,4569.497832803797,2.634784720293434e-05,1893.8468319465874,1893.8590527412005,814650.7322450257,0.9567602037916493,0.006006107814217954,0.028850892687213102
2023-01-15 04:00:00+00:00,1893.918207399725,1897.3901586347386,1892.3575436169428,1895.7098192307415,9210.078027646625,17459635.352891006,4468.588256803333,3273.2102926105545,3.011099213415381e-06,1895.9157094908812,1895.8021875689378,815214.7925657491,1.0435157912906157,0.0009459816289936196,0.003297153638689842
2023-01-15 05:00:00+00:00,1895.7098192307415,1901.0744580545968,1895.099683351522,1899.7329731113855,8830.811104876695,16776183.035252443,905.0063174883157,5381.895539769141,-6.235721702086856e-07,1899.0092186140525,1899.7809030651406,811916.0604803507,1.011245663654513,0.00212224141049,-0.0006828115263785108
2023-01-15 06:00:00+00:00,1899.7329731113855,1915.2959639694861,1899.6864301488936,1914.3945034737058,5516.757404119972,10561250.051445145,1563.8096569759791,2870.5923805706593,-5.4137819543444386e-05,1914.4344273234324,1914.2431019413232,812640.5287306359,0.9827982703038654,0.007717679573833847,-0.0592809124000716
2023-01-15 07:00:00+00:00,1914.3945034737058,1915.9539042392018,1911.0153559982728,1912.7132098390762,4306.5589787037625,8237212.247517767,3993.0208316353715,1811.6743023029132,2.851863425753354e-05,1912.6145907130463,1912.7135463357738,810595.7993261744,1.0637448491317196,-0.0008782378091761744,0.031227904511999225
2023-01-15 08:00:00+00:00,1912.7132098390762,1913.6414612104636,1907.431666504775,1908.0015327483259,5007.267195649207,9553873.484179098,1737.9056180894488,2065.5056194299204,0.00012227668553116587,1908.196844202411,1908.009978944007,815733.617579467,1.0119986913011025,-0.002463347388679704,0.13389297065662664
2023-01-15 09:00:00+00:00,1908.0015327483259,1909.8399359141813,1896.2529971601086,1897.4994182499324,2587.496451736947,4909773.011894622,1885.083065376741,1413.8591831668778,0.00012902475314423024,1897.5253832394997,1897.4527077417008,815306.7605104615,1.0396733856584113,-0.005504248460044936,0.14128210469293212
2023-01-15 10:00:00+00:00,1897.4994182499324,1898.1787702859199,1895.8710686402624,1897.6426872746038,5463.899602715183,10368529.12509508,4863.3810327283045,2943.9448396307394,9.609087982724715e-05,1897.3175528749005,1897.7785443081827,815684.2002434637,1.0579225263971115,7.550412047208077e-05,0.10521951341083563
2023-01-15 11:00:00+00:00,1897.6426872746038,1908.9400878782449,1896.1276816390787,1908.6969353536642,3077.9878200340245,5874945.919154848,4003.1387604169854,1371.0426460866695,6.52900800425779e-05,1908.968062213831,1908.9585109540064,813390.7974624729,0.9912884159625925,0.005825252642760015,0.07149263764662281
2023-01-15 12:00:00+00:00,1908.6969353536642,1917.4398529400946,1907.050682283182,1915.848932185895,2457.5467750087823,4708288.364697466,2684.3935048798835,1106.4019957709547,-3.824006203999413e-06,1916.0485527451635,1915.792570406577,812433.037232517,0.9730959695174375,0.0037470573246902728,-0.004187286793379357
2023-01-15 13:00:00+00:00,1915.848932185895,1916.4185121847274,1907.520860041306,1908.4543508175234,4425.605754609191,8446066.55738698,1372.0475393820072,2164.2639516974386,0.00010213753941081307,1908.625186546573,1908.4008074538565,809850.9529102241,1.022687460276099,-0.0038596891665850785,0.1118406056548403
2023-01-15 14:00:00+00:00,1908.4543508175234,1910.0715678949596,1900.1484525541016,1901.7502832575256,1575.4184505787923,2996052.4846373503,1929.9956413104317,981.7088003639907,2.7193622277951554e-05,1902.038089018882,1901.4082628747005,811814.0183788089,0.9631828581317983,-0.0035128257362435633,0.02977701639435695
2023-01-15 15:00:00+00:00,1901.7502832575256,1902.9092190612687,1896.8662213841803,1897.7413763197326,5233.187249417983,9931235.973249359,4920.884899183959,2676.735237575254,2.6556224511846334e-05,1898.054779039819,1897.721803864328,811290.0735153535,1.0274706296707707,-0.002108009118277132,0.029079065840471735
2023-01-15 16:00:00+00:00,1897.7413763197326,1900.7535776514294,1897.240718510306,1899.7866635375162,7265.229712860181,13802386.51602827,4122.527784760472,4373.821047657509,1.5438643408036763e-05,1899.7804479098618,1899.7203712113837,812415.3951338783,1.0850198005048413,0.0010777481290680235,0.016905314531800254
2023-01-15 17:00:00+00:00,1899.7866635375162,1899.9520053630902,1897.140075450269,1898.0529753942292,6862.6586066640275,13025689.587493472,1093.4912379866282,3721.314405922139,3.459809495091478e-05,1897.666439523366,1897.72481279332,811046.2206701904,1.0647294413389188,-0.000912569909328087,0.03788491397125169
2023-01-15 18:00:00+00:00,1898.0529753942292,1901.001429463408,1897.4163796756977,1899.5078170198938,9777.328629974103,18572112.162208218,3768.739509446949,5070.853971890236,8.239254920597181e-06,1899.11320502056,1899.55165669828,810043.9357280316,0.9659368215592286,0.0007664915808591743,0.009021984138053914
2023-01-15 19:00:00+00:00,1899.5078170198938,1901.714342137897,1898.0506156378353,1901.5889810592357,8972.151101224388,17061343.670486785,2379.3287320994714,4458.243712128481,2.5810891531344685e-05,1901.9739818702933,1901.678890195066,812620.2970219594,0.8937240475345123,0.0010956333112686067,0.028262926226822433
2023-01-15 20:00:00+00:00,1901.5889810592357,1903.4243018354196,1897.5632078991312,1899.142741724038,6703.765742616121,12731408.052307662,3823.599247294114,3715.1504799352456,-2.4229955436363077e-05,1899.3451278886569,1899.0312078455113,810676.9104664967,0.9919243164154538,-0.0012864185476270107,-0.026531801202817572
2023-01-15 21:00:00+00:00,1899.142741724038,1900.8082416589702,1898.3960905265787,1898.664119832323,9078.603871547528,17237219.429078106,2040.8736925802652,4516.227724821762,1.1316814762974072e-05,1898.6931777515254,1898.6075225795091,807074.0224276576,0.9863287988632032,-0.0002520199673250456,0.012391912165456608
2023-01-15 22:00:00+00:00,1898.664119832323,1900.635382405126,1898.3519285646332,1900.0597239849803,5000.020208796529,9500337.017845256,1346.6931127842022,2838.9755558865795,0.0001440278234974911,1899.9358453384095,1899.9128138276578,807886.5027475752,1.0847019162343456,0.0007350453079508767,0.15771046672975275
2023-01-15 23:00:00+00:00,1900.0597239849803,1900.3026773387915,1898.5193447609074,1899.2480127421265,8189.867114362394,15554588.841574872,882.7395219238498,3313.775567423856,2.652029860190266e-05,1899.2570029554593,1899.3638732713914,805603.8363289027,0.965756832198817,-0.0004272030150459516,0.029039726969083416
2023-01-16 00:00:00+00:00,1899.2480127421265,1904.5851591871813,1898.3681170206441,1902.8998094438834,3560.3160915167555,6774924.812107226,2041.8800795795594,1590.3734208317017,1.8066971761411854e-05,1902.9068865785232,1902.6688059333087,804724.903539297,0.9796211972539262,0.0019227592590629339,0.019783334078745978
2023-01-16 01:00:00+00:00,1902.8998094438834,1917.8862426548985,1901.080025440399,1916.9663852496042,5740.325540366335,11004011.101272034,4413.445237200605,3512.8125480853682,5.661871395525264e-05,1916.8695519816288,1916.9183443405186,806548.0703031694,1.0550398582839668,0.0073921788923987375,0.06199749178100163
2023-01-16 02:00:00+00:00,1916.9663852496042,1921.5704075065746,1915.1611931494404,1921.3304837099145,9818.811723346016,18865182.27787298,4543.1695463451115,4600.779882371568,6.54060910851731e-05,1921.1290250247887,1921.6303760644657,804910.8774535422,0.9581589913196168,0.002276564938170189,0.07161966973826454
2023-01-16 03:00:00+00:00,1921.3304837099145,1922.541893977743,1919.4724791725216,1921.5839417553084,6389.197244551579,12277378.825837579,3669.323516890372,3852.1859837267248,-2.568844295860367e-05,1922.2077792316004,1921.5918721989551,806667.777601907,0.9835563769585757,0.00013191798472100835,-0.028128845039671023
2023-01-16 04:00:00+00:00,1921.5839417553084,1922.05822571273,1907.0556801818511,1908.4483807551526,5561.121686102802,10613113.677025257,3941.1226727785006,3511.218465012557,1.9642060859837748e-05,1908.5138099817905,1908.5198226579134,805305.3267203377,1.133153052253901,-0.006835798694360906,0.021508056641522336
2023-01-16 05:00:00+00:00,1908.4483807551526,1912.015147079347,1907.1559276849644,1911.2356775222283,8085.768327775695,15453808.908224156,1617.4406006940487,4233.227558440009,7.591379204673826e-05,1911.0620022152452,1911.213254274255,808286.6843427418,1.1152372826764174,0.0014605041431472454,0.0831256022911784
2023-01-16 06:00:00+00:00,1911.2356775222283,1912.4593290586474,1895.6661805232864,1896.1788905182948,3811.2156584973163,7226746.678855394,2287.9009531208694,1450.3931373225616,4.349188145360528e-05,1895.8085492500757,1896.0007367953365,810936.8903410843,1.0465338862799012,-0.007878037847981911,0.04762361019169778
2023-01-16 07:00:00+00:00,1896.1788905182948,1897.9145858946079,1884.6160280613205,1885.3186007355698,8479.396189859383,15986363.359748213,4576.779651705602,4893.2866485440045,3.60977021750886e-05,1885.1133761694834,1885.3136730727294,809994.0995198161,1.017687226482918,-0.005727460545537744,0.039526983881722016
2023-01-16 08:00:00+00:00,1885.3186007355698,1893.1065266954129,1885.3135418477364,1891.5914946392832,1166.9117061264965,2207320.2583038956,4942.376697353707,641.5200891101221,0.00010770088343043666,1891.7957089127108,1891.6530052111802,809567.6432029174,0.9188620559849585,0.0033272328089617442,0.11793246735632815
2023-01-16 09:00:00+00:00,1891.5914946392832,1897.0677751108203,1890.015883606596,1896.7623794894632,3144.307061002273,5964003.342872192,2660.8304513619028,1374.805561254626,-3.88863798198219e-06,1896.9781505454384,1896.6072028342576,807903.7721409409,1.0408231287626122,0.002733616039633402,-0.004258058590270498
2023-01-16 10:00:00+00:00,1896.7623794894632,1897.6677719427826,1894.9282586916931,1895.451564575688,2595.2248787484673,4919123.056849533,4059.093440933524,1580.2158115354707,3.413729475538166e-05,1895.3894827903737,1895.5033655862333,808303.7761062931,1.0008640852723776,-0.0006910801943087463,0.03738033775714292
2023-01-16 11:00:00+00:00,1895.451564575688,1896.3839902737434,1882.1642592095448,1882.313491069791,3316.153951088783,6242041.320598808,4720.476281144049,1640.8874769835172,3.99706673724643e-06,1882.3280914303043,1882.5009559452124,810602.1170914661,1.0138501718629327,-0.006931368625522238,0.004376788077284841
2023-01-16 12:00:00+00:00,1882.313491069791,1884.176007846011,1878.752508170315,1879.3456130014215,9509.783420573418,17872169.752048306,4987.409498276389,3491.0430566754135,0.00010451541145381205,1879.2596181481958,1879.506438288071,807708.6034540945,0.9548272929110633,-0.0015767182684764958,0.11444437554192419
2023-01-16 13:00:00+00:00,1879.3456130014215,1879.5089240797756,1873.4660040329452,1874.0716477422131,1215.0553376288149,2277100.758688004,2042.1759183529748,450.047816793623,-6.759301996382661e-05,1873.76022305229,1873.83435349783,809543.500343714,0.9952657517935946,-0.0028062774737774854,-0.07401435686039014
2023-01-16 14:00:00+00:00,1874.0716477422131,1879.6340065136478,1872.7148467887635,1878.6744403923274,3688.7057392288984,6929877.190417817,3547.0966741977204,1543.7231634876641,-3.507084774187974e-06,1879.0412570924575,1878.527861765432,806895.6270147646,0.9815112582241208,0.0024560387836076725,-0.0038402578277358314
2023-01-16 15:00:00+00:00,1878.6744403923274,1897.2021814586415,1878.6637194098257,1895.4690345285426,6169.516857613599,11694128.161608417,2437.914235277927,3288.0429722972335,3.5421516986041184e-06,1895.5749823323185,1895.224340193589,805176.1858022402,1.021413323679696,0.00893959792879695,0.0038786561099715096
2023-01-16 16:00:00+00:00,1895.4690345285426,1897.6972657801305,1895.0330510546469,1896.9406724238613,7327.805177745408,13900411.681263428,2753.35109885439,4356.774830889226,6.31769811585795e-05,1897.6452972736877,1897.1032258540367,801600.7782804527,1.110233975770119,0.0007763977509054332,0.06917879436864456
2023-01-16 17:00:00+00:00,1896.9406724238613,1897.4371356389263,1889.159115234831,1890.8542079318256,7964.055248031166,15058867.37794127,2740.058167723793,3024.0500482519924,6.031377380547636e-05,1890.6397367663658,1890.9465314375166,805810.6693946325,1.025087452661717,-0.0032085687130417595,0.06604358231699661
2023-01-16 18:00:00+00:00,1890.8542079318256,1891.9053970867878,1880.2194280823653,1881.828158035543,4449.576841937745,8373338.992501315,1969.7643046239668,1587.1301739852374,9.975971301193658e-05,1881.789335910755,1881.9340132120333,805928.0728036226,0.8638296733152738,-0.00477353032212624,0.10923688574807056
2023-01-16 19:00:00+00:00,1881.828158035543,1882.430509376363,1880.0507072737842,1881.2340623945365,2981.5645830522676,5609020.85286709,880.0730291981686,1600.3573202065486,-4.870164211686627e-05,1881.4832234421917,1881.1018717934514,806417.5781337139,0.9187403545899777,-0.0003157013239862838,-0.05332829811796856
2023-01-16 20:00:00+00:00,1881.2340623945365,1882.9781152376713,1878.6812267389507,1879.7319026865084,8671.173189911953,16299480.878797436,4019.432357728694,4100.071268164596,6.752375045152399e-05,1879.6627958297204,1879.5564611485852,805065.3470170251,0.8697472796592528,-0.0007984969749675885,0.07393850674441876
2023-01-16 21:00:00+00:00,1879.7319026865084,1879.891301637647,1870.4855528751957,1870.9020484696903,2098.8295346041637,3926704.4756796164,3723.0636030768824,1012.6615631912314,1.533600678558469e-05,1870.512612249139,1870.9135594163527,807199.2803510127,0.932857705720524,-0.004697400839023147,0.016792927430215238
2023-01-16 22:00:00+00:00,1870.9020484696903,1871.9888216947334,1869.2648268031896,1871.6019468303537,1585.197011417988,2966857.8126795646,4330.507813533119,945.1119022589121,-3.2812618629087793e-06,1871.3355608956085,1871.6170669267622,802992.9268486734,1.0408257209792489,0.0003740967418555119,-0.003592981739885113
2023-01-16 23:00:00+00:00,1871.6019468303537,1871.7589199043566,1861.3977330796422,1862.8148163296564,3084.217879701982,5745326.7630976895,1443.8775684636676,1929.810421388069,5.697842666862605e-05,1862.8429681369098,1862.6875110567842,803046.2577099602,1.028200653427709,-0.004694978286156726,0.06239137720214552
2023-01-17 00:00:00+00:00,1862.8148163296564,1872.2631916522848,1861.8593177743562,1870.931295867607,5433.2819469598435,10165297.233839655,1795.5511996885682,3478.234806981431,-1.6006979136782428e-05,1871.027658369852,1870.9525759726828,807459.7072015614,0.948358586959279,0.0043571048860040484,-0.017527642154776757
2023-01-17 01:00:00+00:00,1870.931295867607,1879.2637490930997,1870.63004169298,1878.7130196618152,9479.42834666978,17809125.45383979,3303.7459800339284,5533.590198068946,-7.384566476571613e-05,1878.6863592229968,1878.8098963329305,806695.599176009,1.0174590652847388,0.004159278222239271,-0.08086100291845917
2023-01-17 02:00:00+00:00,1878.7130196618152,1888.3915357485619,1878.3075197350686,1886.6931929973775,7559.668433414916,14262774.97464107,4733.832338435,2653.288003905127,1.1489075553868237e-05,1886.9771832799643,1886.7276086627662,806729.8942641409,0.9357449447905999,0.004247680860272496,0.012580537731485718
2023-01-17 03:00:00+00:00,1886.6931929973775,1888.3792013268037,1882.229152849483,1882.9433410650213,6075.751081557536,11440295.040987363,2781.453419498143,2400.844270831324,-4.488854258209518e-05,1883.2237392550182,1882.7867736428263,808074.3602507932,0.8827600362498154,-0.0019875260833474018,-0.049152954127394226
2023-01-17 04:00:00+00:00,1882.9433410650213,1888.413265773745,1882.319852158125,1886.6466350431967,5690.971675672864,10736852.562034352,1643.4750081762631,2994.489957281179,-2.4457910535339187e-06,1886.7379805710461,1886.3277672865565,806451.4589019512,0.8839027112573485,0.001966758052359019,-0.002678141203619641
2023-01-17 05:00:00+00:00,1886.6466350431967,1887.129859027797,1885.36254477448,1885.4776645963902,7240.756572672583,13652284.792553665,3297.7000610573355,4609.361175660917,4.8577738187555034e-05,1885.485270209425,1885.4386156077512,806497.1492273601,0.9275803897639676,-0.0006196022217905828,0.053192623315372764
2023-01-17 06:00:00+00:00,1885.4776645963902,1885.4789028996013,1881.6081370908616,1882.3730890253307,6638.200084044847,12495569.19777171,4821.519297356005,2485.567728954076,4.55999872807079e-05,1882.3016833691086,1882.3978392062504,808419.1396105348,1.1095692726806126,-0.0016465724465233311,0.049931986072375145
2023-01-17 07:00:00+00:00,1882.3730890253307,1883.1027070325467,1878.8041578296268,1879.647588174099,4026.8021189912674,7568968.891016287,4445.917194364259,2031.4434313139316,0.00010934497244892835,1879.802948132995,1879.6084789030758,808807.9226752887,0.8890941987805246,-0.0014479068294813713,0.11973274483157655
2023-01-17 08:00:00+00:00,1879.647588174099,1881.4568674736552,1869.1671498445933,1869.7039041470239,1834.5706492034399,3430103.905249212,4575.618037049631,860.3084713065158,2.0017262652825665e-05,1869.961818371235,1869.6398331132111,809549.8967941719,1.0953907089804222,-0.005290185293049698,0.021918902604844102
2023-01-17 09:00:00+00:00,1869.7039041470239,1871.131875406777,1858.020447423592,1858.7347645749483,2808.2981729849917,5219881.443419516,2524.192622813283,1325.6561653064832,-4.6666579527392766e-05,1858.751661816378,1858.6319475170023,808851.0279738245,1.1021236344035372,-0.005866778984493726,-0.05109990458249508
2023-01-17 10:00:00+00:00,1858.7347645749483,1864.5819332693359,1858.1169625825642,1864.4706991711332,8044.3754408560535,14998502.30260798,1901.637818415478,3463.6444939712082,-7.804842831783915e-06,1864.5965504492676,1864.577442059448,809482.2300917339,0.9815622386464602,0.0030859349625909083,-0.008546302900803387
2023-01-17 11:00:00+00:00,1864.4706991711332,1865.7806245286267,1862.1722192390678,1862.8742166453967,6710.079457181013,12500034.012424449,4456.449466325988,2893.566396810514,-1.596921123131359e-05,1862.7835934455868,1862.8664112503852,809593.7614098663,0.992163983933815,-0.0008562658165913728,-0.017486286298288384
2023-01-17 12:00:00+00:00,1862.8742166453967,1866.026477178928,1861.7210398065295,1864.3167802461876,8174.598353992552,15240040.88312118,4109.965897232927,3445.668866819279,-3.089125792291246e-05,1863.9220439111655,1864.3351580210954,812503.8911985857,0.9471184513714341,0.000774375203597355,-0.033825927425589146
2023-01-17 13:00:00+00:00,1864.3167802461876,1873.4277456502182,1863.3895982859865,1871.6165449505504,1400.418749858494,2621046.902094124,4375.784350181966,533.4871787183553,5.176835975077204e-05,1871.3355345425816,1871.4710793761021,813952.6802170698,0.9940728738539848,0.003915517352903297,0.05668635392709539
2023-01-17 14:00:00+00:00,1871.6165449505504,1872.9566011653894,1858.1033690991183,1858.4705832561126,9107.377323840758,16925792.846971825,2443.1529411498145,4701.419832546214,-2.2616168982619917e-06,1858.6840562953166,1858.3783404217822,813465.3165773293,1.0485795657023884,-0.007023854180977618,-0.002476470503596881
2023-01-17 15:00:00+00:00,1858.4705832561126,1860.074434874163,1850.998533182176,1852.471729212643,4440.264824603682,8225465.057795656,2001.8634646676064,2148.1303302829974,-6.88686408343504e-05,1852.595938279934,1852.4960036901741,808571.6916392749,0.9967299367969854,-0.003227844496176746,-0.07541116171361367
